time,precip_rate,TMP_2maboveground,SPFH_2maboveground,UGRD_10maboveground,VGRD_10maboveground,PRES_surface,DSWRF_surface,DLWRF_surface
2015-12-01 00:00:00,0.00000000,271.56,0.00304, 1.042, 2.301,102407.4,  0.00,230.52
2015-12-01 01:00:00,0.00000000,270.81,0.00289, 1.229, 2.316,102416.7,  0.00,229.77
2015-12-01 02:00:00,0.00000000,270.25,0.00279, 1.425, 2.332,102427.8,  0.00,229.65
2015-12-01 03:00:00,0.00000000,269.70,0.00269, 1.621, 2.344,102436.7,  0.00,205.81
2015-12-01 04:00:00,0.00000000,269.36,0.00262, 1.491, 1.942,102372.1,  0.00,205.65
2015-12-01 05:00:00,0.00000000,269.00,0.00254, 1.363, 1.543,102308.2,  0.00,205.45
2015-12-01 06:00:00,0.00000000,268.65,0.00247, 1.235, 1.135,102243.7,  0.00,205.44
2015-12-01 07:00:00,0.00000000,268.63,0.00249, 1.213, 0.984,102279.6,  0.00,205.28
2015-12-01 08:00:00,0.00000000,268.61,0.00250, 1.191, 0.832,102314.1,  0.00,205.09
2015-12-01 09:00:00,0.00000000,268.59,0.00252, 1.171, 0.682,102351.4,  0.00,205.11
2015-12-01 10:00:00,0.00000000,268.82,0.00255, 0.409, 0.762,102362.7,  0.00,204.98
2015-12-01 11:00:00,0.00000000,269.05,0.00258,-0.348, 0.842,102373.1,  0.00,204.82
2015-12-01 12:00:00,0.00000000,269.28,0.00261,-1.109, 0.925,102385.6,  0.00,209.51
2015-12-01 13:00:00,0.00000000,270.59,0.00272,-1.793, 0.944,102351.5,152.78,209.14
2015-12-01 14:00:00,0.00000000,271.95,0.00284,-2.479, 0.967,102319.5,279.81,208.96
2015-12-01 15:00:00,0.00000000,273.26,0.00294,-3.162, 0.986,102285.1,316.19,248.98
2015-12-01 16:00:00,0.00000000,273.66,0.00302,-3.200, 1.112,102226.7,366.29,248.69
2015-12-01 17:00:00,0.00000000,274.08,0.00309,-3.234, 1.234,102167.9,365.52,248.49
2015-12-01 18:00:00,0.00000000,274.48,0.00317,-3.261, 1.358,102107.4,163.30,299.91
2015-12-01 19:00:00,0.00005510,274.13,0.00332,-3.443, 1.404,102025.0,125.88,299.55
2015-12-01 20:00:00,0.00000000,273.77,0.00346,-3.626, 1.454,101937.9, 72.40,299.18
2015-12-01 21:00:00,0.00000000,273.41,0.00360,-3.807, 1.503,101852.6,  2.15,317.11
2015-12-01 22:00:00,0.00000000,274.31,0.00390,-3.421, 1.240,101780.7,  0.00,320.41
2015-12-01 23:00:00,0.00000000,275.23,0.00423,-3.032, 0.968,101714.4,  0.00,323.81
2015-12-02 00:00:00,0.00004442,276.13,0.00457,-2.645, 0.702,101642.9,  0.00,330.43
2015-12-02 01:00:00,0.00000976,275.25,0.00429,-2.563, 0.640,101554.0,  0.00,325.82
2015-12-02 02:00:00,0.00001871,274.35,0.00403,-2.491, 0.572,101467.4,  0.00,321.13
2015-12-02 03:00:00,0.00015298,273.47,0.00378,-2.410, 0.514,101377.0,  0.00,318.41
2015-12-02 04:00:00,0.00004566,273.62,0.00384,-2.476, 0.023,101282.5,  0.00,318.31
2015-12-02 05:00:00,0.00000000,273.78,0.00389,-2.535,-0.471,101193.7,  0.00,318.24
2015-12-02 06:00:00,0.00000000,273.94,0.00395,-2.592,-0.953,101100.3,  0.00,323.21
2015-12-02 07:00:00,0.00000000,274.09,0.00397,-2.410,-0.952,101031.4,  0.00,323.74
2015-12-02 08:00:00,0.00000000,274.26,0.00399,-2.217,-0.943,100962.2,  0.00,324.33
2015-12-02 09:00:00,0.00000000,274.41,0.00401,-2.035,-0.943,100893.3,  0.00,326.21
2015-12-02 10:00:00,0.00000000,274.43,0.00401,-1.562,-0.823,100874.2,  0.00,326.47
2015-12-02 11:00:00,0.00000000,274.45,0.00402,-1.085,-0.712,100855.0,  0.00,326.68
2015-12-02 12:00:00,0.00000000,274.47,0.00403,-0.614,-0.593,100838.7,  0.00,330.06
2015-12-02 13:00:00,0.00000000,275.01,0.00413,-0.202,-0.205,100826.9, 38.98,330.19
2015-12-02 14:00:00,0.00012358,275.56,0.00424, 0.212, 0.182,100815.9, 72.07,330.40
2015-12-02 15:00:00,0.00029781,276.10,0.00435, 0.617, 0.576,100804.0,100.03,334.84
2015-12-02 16:00:00,0.00009742,276.18,0.00439, 0.726, 0.891,100677.7,116.04,334.12
2015-12-02 17:00:00,0.00010913,276.25,0.00443, 0.825, 1.211,100555.2,115.90,333.42
2015-12-02 18:00:00,0.00025000,276.33,0.00446, 0.930, 1.525,100429.4,105.12,334.59
2015-12-02 19:00:00,0.00046181,276.59,0.00458, 0.982, 1.828,100372.3, 81.02,334.97
2015-12-02 20:00:00,0.00037199,276.86,0.00470, 1.036, 2.122,100315.1, 46.47,335.39
2015-12-02 21:00:00,0.00012873,277.12,0.00482, 1.083, 2.418,100257.0,  2.25,334.06
2015-12-02 22:00:00,0.00013020,277.16,0.00488, 0.974, 2.217,100172.7,  0.00,334.69
2015-12-02 23:00:00,0.00009486,277.20,0.00494, 0.861, 2.020,100090.1,  0.00,335.36
2015-12-03 00:00:00,0.00000000,277.23,0.00500, 0.753, 1.819,100004.8,  0.00,339.49
2015-12-03 01:00:00,0.00000000,277.60,0.00511, 0.835, 1.980, 99964.7,  0.00,339.68
2015-12-03 02:00:00,0.00000000,277.97,0.00523, 0.922, 2.132, 99925.0,  0.00,339.94
2015-12-03 03:00:00,0.00000000,278.34,0.00534, 1.012, 2.287, 99882.8,  0.00,341.62
2015-12-03 04:00:00,0.00000535,278.68,0.00549, 1.566, 1.722, 99807.9,  0.00,342.16
2015-12-03 05:00:00,0.00043821,279.03,0.00565, 2.120, 1.165, 99730.7,  0.00,342.78
2015-12-03 06:00:00,0.00000000,279.36,0.00581, 2.675, 0.603, 99653.1,  0.00,317.46
2015-12-03 07:00:00,0.00000000,278.85,0.00562, 2.758, 0.110, 99638.5,  0.00,317.71
2015-12-03 08:00:00,0.00000000,278.33,0.00542, 2.828,-0.382, 99623.1,  0.00,317.71
2015-12-03 09:00:00,0.00000000,277.82,0.00523, 2.908,-0.873, 99607.4,  0.00,265.80
2015-12-03 10:00:00,0.00000000,277.38,0.00507, 2.848,-0.501, 99602.0,  0.00,266.27
2015-12-03 11:00:00,0.00000000,276.94,0.00490, 2.784,-0.127, 99597.2,  0.00,266.90
2015-12-03 12:00:00,0.00000000,276.50,0.00474, 2.720, 0.252, 99590.9,  0.00,250.62
2015-12-03 13:00:00,0.00000000,277.34,0.00474, 4.135,-0.319, 99635.0,139.65,250.43
2015-12-03 14:00:00,0.00000000,278.20,0.00476, 5.547,-0.882, 99677.2,260.72,250.38
2015-12-03 15:00:00,0.00000000,279.05,0.00477, 6.966,-1.442, 99723.8,214.64,287.42
2015-12-03 16:00:00,0.00000000,278.29,0.00443, 7.944,-2.508, 99778.3,249.38,287.53
2015-12-03 17:00:00,0.00000001,277.53,0.00408, 8.918,-3.567, 99831.3,249.19,287.60
2015-12-03 18:00:00,0.00000000,276.80,0.00374, 9.895,-4.629, 99890.7,152.86,294.07
2015-12-03 19:00:00,0.00000000,276.41,0.00358, 9.784,-4.447, 99999.3,117.74,294.79
2015-12-03 20:00:00,0.00000000,276.03,0.00341, 9.675,-4.266,100113.7, 67.44,295.50
2015-12-03 21:00:00,0.00000000,275.66,0.00326, 9.574,-4.080,100228.8,  3.14,292.82
2015-12-03 22:00:00,0.00000000,275.54,0.00327, 9.242,-4.363,100317.0,  0.00,294.10
2015-12-03 23:00:00,0.00000000,275.42,0.00327, 8.909,-4.643,100405.7,  0.00,295.34
2015-12-04 00:00:00,0.00000000,275.30,0.00327, 8.577,-4.923,100492.8,  0.00,269.90
2015-12-04 01:00:00,0.00000000,275.13,0.00329, 8.292,-4.698,100679.3,  0.00,270.01
2015-12-04 02:00:00,0.00000000,274.95,0.00330, 8.006,-4.472,100862.5,  0.00,270.00
2015-12-04 03:00:00,0.00000000,274.77,0.00331, 7.719,-4.240,101048.6,  0.00,270.52
2015-12-04 04:00:00,0.00000000,274.96,0.00339, 6.970,-4.117,101175.6,  0.00,271.48
2015-12-04 05:00:00,0.00000000,275.16,0.00346, 6.216,-3.989,101308.1,  0.00,272.46
2015-12-04 06:00:00,0.00000000,275.35,0.00354, 5.466,-3.861,101438.4,  0.00,256.08
2015-12-04 07:00:00,0.00000000,274.87,0.00350, 4.994,-3.319,101513.7,  0.00,255.90
2015-12-04 08:00:00,0.00000000,274.37,0.00345, 4.518,-2.769,101587.6,  0.00,255.64
2015-12-04 09:00:00,0.00000000,273.90,0.00341, 4.044,-2.230,101662.8,  0.00,227.92
2015-12-04 10:00:00,0.00000000,273.01,0.00324, 3.541,-2.020,101713.5,  0.00,227.23
2015-12-04 11:00:00,0.00000000,272.11,0.00306, 3.041,-1.822,101764.8,  0.00,226.42
2015-12-04 12:00:00,0.00000000,271.23,0.00289, 2.546,-1.613,101815.8,  0.00,220.24
2015-12-04 13:00:00,0.00000000,273.37,0.00316, 2.812,-1.312,101936.9,142.99,222.00
2015-12-04 14:00:00,0.00000000,275.56,0.00346, 3.078,-1.007,102057.3,269.48,223.91
2015-12-04 15:00:00,0.00000000,277.70,0.00376, 3.348,-0.711,102176.8,393.78,238.23
2015-12-04 16:00:00,0.00000000,278.78,0.00390, 3.913, 0.333,102198.7,458.05,239.32
2015-12-04 17:00:00,0.00000000,279.91,0.00405, 4.472, 1.375,102220.3,458.07,240.57
2015-12-04 18:00:00,0.00000000,281.00,0.00420, 5.032, 2.417,102244.8,374.23,248.10
2015-12-04 19:00:00,0.00000000,280.18,0.00421, 5.219, 1.920,102236.9,288.16,247.44
2015-12-04 20:00:00,0.00000000,279.34,0.00422, 5.403, 1.431,102228.9,164.79,246.71
2015-12-04 21:00:00,0.00000000,278.53,0.00424, 5.591, 0.946,102220.1,  3.27,257.05
2015-12-04 22:00:00,0.00000000,278.30,0.00428, 5.121,-0.298,102315.6,  0.00,257.26
2015-12-04 23:00:00,0.00000000,278.07,0.00433, 4.660,-1.539,102410.6,  0.00,257.50
2015-12-05 00:00:00,0.00000000,277.84,0.00438, 4.194,-2.771,102506.5,  0.00,247.77
2015-12-05 01:00:00,0.00000000,276.39,0.00402, 3.964,-2.472,102553.9,  0.00,245.15
2015-12-05 02:00:00,0.00000000,274.90,0.00366, 3.729,-2.165,102603.5,  0.00,242.37
2015-12-05 03:00:00,0.00000000,273.46,0.00335, 3.499,-1.865,102652.5,  0.00,228.64
2015-12-05 04:00:00,0.00000000,272.78,0.00320, 3.449,-1.907,102675.4,  0.00,227.42
2015-12-05 05:00:00,0.00000000,272.08,0.00305, 3.402,-1.944,102701.3,  0.00,226.11
2015-12-05 06:00:00,0.00000000,271.40,0.00292, 3.350,-1.987,102725.0,  0.00,222.93
2015-12-05 07:00:00,0.00000000,271.03,0.00283, 3.291,-1.854,102780.7,  0.00,222.39
2015-12-05 08:00:00,0.00000000,270.65,0.00274, 3.229,-1.729,102832.9,  0.00,221.85
2015-12-05 09:00:00,0.00000000,270.28,0.00266, 3.165,-1.597,102886.3,  0.00,221.67
2015-12-05 10:00:00,0.00000000,270.16,0.00262, 2.976,-1.594,102916.0,  0.00,221.28
2015-12-05 11:00:00,0.00000000,270.03,0.00259, 2.790,-1.589,102945.8,  0.00,220.95
2015-12-05 12:00:00,0.00000000,269.91,0.00257, 2.600,-1.584,102976.4,  0.00,225.17
2015-12-05 13:00:00,0.00000277,273.19,0.00308, 2.683,-1.471,103073.5,137.12,229.94
2015-12-05 14:00:00,0.00000469,276.57,0.00369, 2.771,-1.364,103171.0,260.92,235.08
2015-12-05 15:00:00,0.00000469,279.85,0.00435, 2.855,-1.251,103268.3,386.64,254.32
2015-12-05 16:00:00,0.00000469,281.26,0.00466, 2.774,-1.277,103157.6,450.53,256.68
2015-12-05 17:00:00,0.00000000,282.72,0.00500, 2.685,-1.299,103047.6,450.86,259.19
2015-12-05 18:00:00,0.00000000,284.14,0.00534, 2.598,-1.325,102937.5,373.38,260.99
2015-12-05 19:00:00,0.00000000,282.34,0.00508, 2.713,-0.392,102980.8,287.48,257.93
2015-12-05 20:00:00,0.00000000,280.50,0.00481, 2.822, 0.533,103021.2,164.12,254.69
2015-12-05 21:00:00,0.00000000,278.70,0.00457, 2.935, 1.457,103067.4,  3.10,239.43
2015-12-05 22:00:00,0.00000000,276.99,0.00414, 3.135, 0.922,103111.7,  0.00,236.56
2015-12-05 23:00:00,0.00000000,275.23,0.00372, 3.332, 0.395,103156.3,  0.00,233.52
2015-12-06 00:00:00,0.00000000,273.51,0.00334, 3.530,-0.140,103201.0,  0.00,225.11
2015-12-06 01:00:00,0.00000000,272.89,0.00317, 3.351,-0.367,103157.3,  0.00,223.83
2015-12-06 02:00:00,0.00000000,272.24,0.00300, 3.165,-0.591,103115.9,  0.00,222.50
2015-12-06 03:00:00,0.00000000,271.62,0.00284, 2.988,-0.817,103072.4,  0.00,217.56
2015-12-06 04:00:00,0.00000000,270.84,0.00271, 2.922,-0.556,103021.8,  0.00,216.06
2015-12-06 05:00:00,0.00000073,270.04,0.00259, 2.862,-0.303,102972.4,  0.00,214.44
2015-12-06 06:00:00,0.00000073,269.25,0.00247, 2.794,-0.046,102921.8,  0.00,211.71
2015-12-06 07:00:00,0.00000073,269.02,0.00244, 2.949, 0.238,102864.6,  0.00,211.22
2015-12-06 08:00:00,0.00000000,268.78,0.00241, 3.105, 0.525,102807.7,  0.00,210.71
2015-12-06 09:00:00,0.00000000,268.55,0.00238, 3.258, 0.810,102751.6,  0.00,209.60
2015-12-06 10:00:00,0.00000000,268.28,0.00233, 3.246, 0.411,102760.6,  0.00,209.13
2015-12-06 11:00:00,0.00000000,268.01,0.00228, 3.231, 0.010,102771.1,  0.00,208.64
2015-12-06 12:00:00,0.00000000,267.74,0.00223, 3.216,-0.389,102782.5,  0.00,209.82
2015-12-06 13:00:00,0.00000000,271.78,0.00283, 2.990,-0.030,102706.0,137.50,216.03
2015-12-06 14:00:00,0.00000000,275.93,0.00358, 2.753, 0.332,102626.4,264.16,222.61
2015-12-06 15:00:00,0.00000000,279.97,0.00441, 2.529, 0.688,102548.9,390.81,242.84
2015-12-06 16:00:00,0.00000000,281.88,0.00478, 2.847, 0.580,102443.3,456.05,246.00
2015-12-06 17:00:00,0.00000000,283.85,0.00520, 3.174, 0.470,102338.9,456.80,249.44
2015-12-06 18:00:00,0.00000000,285.76,0.00561, 3.499, 0.371,102232.9,377.67,253.71
2015-12-06 19:00:00,0.00000000,283.36,0.00518, 3.369, 0.943,102165.6,290.78,249.86
2015-12-06 20:00:00,0.00000000,280.88,0.00475, 3.227, 1.517,102100.7,165.82,245.75
2015-12-06 21:00:00,0.00000000,278.48,0.00436, 3.097, 2.083,102030.7,  3.10,232.53
2015-12-06 22:00:00,0.00000000,277.01,0.00404, 3.113, 2.140,101977.7,  0.00,230.66
2015-12-06 23:00:00,0.00000000,275.51,0.00373, 3.125, 2.181,101923.0,  0.00,228.69
2015-12-07 00:00:00,0.00000000,274.04,0.00344, 3.142, 2.224,101868.6,  0.00,216.37
2015-12-07 01:00:00,0.00000000,273.78,0.00338, 3.292, 1.920,101804.1,  0.00,215.98
2015-12-07 02:00:00,0.00000000,273.51,0.00331, 3.443, 1.613,101740.9,  0.00,215.58
2015-12-07 03:00:00,0.00000000,273.25,0.00325, 3.584, 1.307,101677.9,  0.00,220.56
2015-12-07 04:00:00,0.00000000,272.80,0.00316, 3.627, 0.926,101640.4,  0.00,219.97
2015-12-07 05:00:00,0.00000000,272.34,0.00307, 3.668, 0.543,101604.2,  0.00,219.31
2015-12-07 06:00:00,0.00000000,271.89,0.00297, 3.712, 0.159,101568.9,  0.00,220.02
2015-12-07 07:00:00,0.00000000,271.84,0.00294, 3.691, 0.257,101515.8,  0.00,220.03
2015-12-07 08:00:00,0.00000000,271.80,0.00291, 3.677, 0.353,101462.1,  0.00,220.07
2015-12-07 09:00:00,0.00000000,271.76,0.00288, 3.657, 0.445,101408.2,  0.00,215.55
2015-12-07 10:00:00,0.00000000,271.30,0.00276, 3.596,-0.114,101381.5,  0.00,215.22
2015-12-07 11:00:00,0.00000000,270.83,0.00264, 3.531,-0.672,101350.3,  0.00,214.88
2015-12-07 12:00:00,0.00000000,270.38,0.00253, 3.472,-1.230,101323.1,  0.00,216.59
2015-12-07 13:00:00,0.00000000,274.00,0.00295, 3.508,-1.312,101322.7,141.50,220.78
2015-12-07 14:00:00,0.00000000,277.74,0.00345, 3.548,-1.396,101324.8,274.53,225.33
2015-12-07 15:00:00,0.00000000,281.36,0.00397, 3.584,-1.478,101324.8,384.80,238.32
2015-12-07 16:00:00,0.00000000,282.63,0.00403, 3.207,-1.481,101289.0,449.56,239.60
2015-12-07 17:00:00,0.00000000,283.94,0.00411, 2.824,-1.480,101249.1,450.72,240.99
2015-12-07 18:00:00,0.00000000,285.20,0.00418, 2.441,-1.487,101209.8,379.87,246.59
2015-12-07 19:00:00,0.00000000,283.36,0.00400, 2.355,-2.038,101252.6,292.44,244.67
2015-12-07 20:00:00,0.00000000,281.46,0.00381, 2.267,-2.586,101295.6,166.62,242.50
2015-12-07 21:00:00,0.00000000,279.62,0.00364, 2.184,-3.145,101338.2,  4.54,229.14
2015-12-07 22:00:00,0.00000000,278.69,0.00369, 1.174,-3.381,101396.9,  0.00,229.62
2015-12-07 23:00:00,0.00000000,277.73,0.00373, 0.172,-3.623,101456.5,  0.00,229.99
2015-12-08 00:00:00,0.00000000,276.80,0.00377,-0.841,-3.862,101513.7,  0.00,231.63
2015-12-08 01:00:00,0.00000000,276.34,0.00382,-1.192,-3.552,101468.6,  0.00,231.03
2015-12-08 02:00:00,0.00000000,275.86,0.00386,-1.539,-3.243,101419.6,  0.00,230.40
2015-12-08 03:00:00,0.00000000,275.40,0.00391,-1.895,-2.928,101374.0,  0.00,246.25
2015-12-08 04:00:00,0.00000000,275.46,0.00394,-1.584,-3.021,101419.3,  0.00,246.44
2015-12-08 05:00:00,0.00000000,275.52,0.00398,-1.269,-3.123,101464.3,  0.00,246.70
2015-12-08 06:00:00,0.00000000,275.58,0.00402,-0.960,-3.214,101506.5,  0.00,246.74
2015-12-08 07:00:00,0.00000000,275.55,0.00405,-1.437,-2.752,101496.1,  0.00,246.93
2015-12-08 08:00:00,0.00000000,275.52,0.00408,-1.920,-2.291,101478.4,  0.00,247.11
2015-12-08 09:00:00,0.00000000,275.49,0.00411,-2.401,-1.826,101466.6,  0.00,250.95
2015-12-08 10:00:00,0.00000000,275.79,0.00422,-2.306,-2.204,101510.6,  0.00,252.15
2015-12-08 11:00:00,0.00000000,276.08,0.00434,-2.215,-2.583,101555.2,  0.00,253.37
2015-12-08 12:00:00,0.00000000,276.37,0.00446,-2.121,-2.964,101599.2,  0.00,261.21
2015-12-08 13:00:00,0.00000000,277.30,0.00450,-2.739,-3.137,101643.8,122.09,261.99
2015-12-08 14:00:00,0.00000000,278.26,0.00456,-3.364,-3.306,101684.1,239.17,262.85
2015-12-08 15:00:00,0.00000000,279.19,0.00461,-3.981,-3.472,101727.4,326.80,277.68
2015-12-08 16:00:00,0.00000000,279.49,0.00462,-3.268,-3.256,101651.1,382.36,277.66
2015-12-08 17:00:00,0.00000000,279.80,0.00463,-2.548,-3.039,101576.8,383.59,277.67
2015-12-08 18:00:00,0.00000000,280.12,0.00464,-1.834,-2.821,101503.0,355.65,274.18
2015-12-08 19:00:00,0.00000000,279.51,0.00462,-1.668,-2.630,101506.6,273.86,274.04
2015-12-08 20:00:00,0.00000000,278.90,0.00459,-1.503,-2.446,101508.8,155.97,273.77
2015-12-08 21:00:00,0.00000000,278.29,0.00456,-1.340,-2.258,101514.8,  3.04,235.27
2015-12-08 22:00:00,0.00000000,277.49,0.00442,-1.317,-1.800,101507.8,  0.00,235.67
2015-12-08 23:00:00,0.00000000,276.66,0.00427,-1.289,-1.342,101500.0,  0.00,236.02
2015-12-09 00:00:00,0.00000000,275.85,0.00413,-1.265,-0.880,101493.0,  0.00,227.12
2015-12-09 01:00:00,0.00000000,275.39,0.00404,-0.910,-1.039,101566.0,  0.00,227.19
2015-12-09 02:00:00,0.00000000,274.91,0.00394,-0.561,-1.194,101638.5,  0.00,227.22
2015-12-09 03:00:00,0.00000000,274.45,0.00386,-0.208,-1.340,101712.8,  0.00,227.58
2015-12-09 04:00:00,0.00000000,274.32,0.00382, 0.004,-1.398,101653.6,  0.00,227.46
2015-12-09 05:00:00,0.00000000,274.19,0.00379, 0.220,-1.450,101600.6,  0.00,227.37
2015-12-09 06:00:00,0.00000000,274.06,0.00376, 0.439,-1.508,101545.6,  0.00,223.34
2015-12-09 07:00:00,0.00000000,273.99,0.00373, 0.628,-1.216,101552.9,  0.00,223.18
2015-12-09 08:00:00,0.00000000,273.93,0.00370, 0.816,-0.927,101564.0,  0.00,223.02
2015-12-09 09:00:00,0.00000000,273.87,0.00368, 1.012,-0.637,101573.2,  0.00,224.96
2015-12-09 10:00:00,0.00000000,274.05,0.00371, 0.860,-0.231,101590.1,  0.00,224.75
2015-12-09 11:00:00,0.00000000,274.23,0.00373, 0.712, 0.179,101607.2,  0.00,224.55
2015-12-09 12:00:00,0.00000000,274.40,0.00376, 0.562, 0.591,101624.5,  0.00,234.85
2015-12-09 13:00:00,0.00000050,275.38,0.00383, 0.071, 1.178,101608.5,119.27,234.39
2015-12-09 14:00:00,0.00000025,276.39,0.00391,-0.408, 1.762,101593.1,235.94,234.10
2015-12-09 15:00:00,0.00000025,277.36,0.00398,-0.892, 2.352,101578.2,346.89,259.33
2015-12-09 16:00:00,0.00000216,278.09,0.00410,-0.766, 2.983,101583.0,406.51,258.87
2015-12-09 17:00:00,0.00000050,278.83,0.00421,-0.638, 3.599,101588.0,408.14,258.51
2015-12-09 18:00:00,0.00000025,279.56,0.00432,-0.518, 4.223,101593.3,358.30,256.85
2015-12-09 19:00:00,0.00000025,278.61,0.00431,-0.707, 3.874,101554.2,275.94,256.62
2015-12-09 20:00:00,0.00000025,277.63,0.00428,-0.897, 3.527,101509.8,157.08,256.32
2015-12-09 21:00:00,0.00000050,276.68,0.00426,-1.091, 3.174,101468.0,  3.04,243.54
2015-12-09 22:00:00,0.00000025,276.82,0.00440,-1.217, 3.146,101492.7,  0.00,244.96
2015-12-09 23:00:00,0.00000025,276.96,0.00455,-1.335, 3.121,101518.1,  0.00,246.41
2015-12-10 00:00:00,0.00000216,277.11,0.00470,-1.454, 3.089,101542.6,  0.00,297.43
2015-12-10 01:00:00,0.00000000,276.88,0.00469,-1.432, 3.401,101480.0,  0.00,294.33
2015-12-10 02:00:00,0.00000000,276.65,0.00467,-1.418, 3.707,101416.2,  0.00,291.23
2015-12-10 03:00:00,0.00000143,276.42,0.00464,-1.397, 4.017,101350.4,  0.00,321.60
2015-12-10 04:00:00,0.00000025,276.85,0.00479,-1.511, 3.949,101329.3,  0.00,321.46
2015-12-10 05:00:00,0.00000108,277.28,0.00495,-1.619, 3.875,101304.2,  0.00,321.39
2015-12-10 06:00:00,0.00000216,277.71,0.00510,-1.724, 3.810,101281.4,  0.00,333.55
2015-12-10 07:00:00,0.00000050,278.10,0.00525,-1.746, 3.628,101207.3,  0.00,333.97
2015-12-10 08:00:00,0.00000050,278.50,0.00540,-1.757, 3.447,101136.8,  0.00,334.40
2015-12-10 09:00:00,0.00000025,278.90,0.00555,-1.775, 3.265,101065.4,  0.00,341.15
2015-12-10 10:00:00,0.00000000,279.16,0.00566,-1.472, 3.068,101059.6,  0.00,341.55
2015-12-10 11:00:00,0.00000000,279.44,0.00578,-1.164, 2.866,101051.8,  0.00,342.11
2015-12-10 12:00:00,0.00003286,279.70,0.00589,-0.861, 2.663,101046.2,  0.00,335.12
2015-12-10 13:00:00,0.00001554,280.29,0.00605,-0.633, 2.908,101008.9, 38.98,334.72
2015-12-10 14:00:00,0.00000000,280.89,0.00622,-0.404, 3.157,100972.5, 77.88,334.41
2015-12-10 15:00:00,0.00000000,281.48,0.00638,-0.178, 3.400,100933.0,155.09,336.44
2015-12-10 16:00:00,0.00000000,282.47,0.00666, 0.295, 3.256,100871.8,182.01,337.66
2015-12-10 17:00:00,0.00000000,283.48,0.00695, 0.770, 3.107,100807.9,182.91,338.97
2015-12-10 18:00:00,0.00000000,284.47,0.00725, 1.243, 2.949,100746.2,239.97,326.27
2015-12-10 19:00:00,0.00000000,283.99,0.00712, 1.277, 2.762,100781.4,184.94,325.35
2015-12-10 20:00:00,0.00000000,283.49,0.00698, 1.308, 2.564,100816.6,105.23,324.37
2015-12-10 21:00:00,0.00000000,283.01,0.00686, 1.338, 2.373,100850.0,  3.04,291.79
2015-12-10 22:00:00,0.00000000,281.89,0.00635, 1.510, 1.828,100939.4,  0.00,289.78
2015-12-10 23:00:00,0.00000000,280.72,0.00585, 1.677, 1.286,101032.8,  0.00,287.64
2015-12-11 00:00:00,0.00000000,279.60,0.00539, 1.851, 0.739,101121.9,  0.00,266.46
2015-12-11 01:00:00,0.00000000,279.43,0.00536, 1.099, 0.922,101056.3,  0.00,266.37
2015-12-11 02:00:00,0.00000000,279.26,0.00533, 0.347, 1.103,100989.1,  0.00,266.24
2015-12-11 03:00:00,0.00000000,279.09,0.00530,-0.405, 1.288,100923.4,  0.00,270.85
2015-12-11 04:00:00,0.00000000,278.44,0.00513,-0.066, 1.178,100910.1,  0.00,269.33
2015-12-11 05:00:00,0.00000000,277.77,0.00495, 0.269, 1.071,100896.4,  0.00,267.76
2015-12-11 06:00:00,0.00000000,277.12,0.00479, 0.608, 0.963,100883.4,  0.00,271.47
2015-12-11 07:00:00,0.00000000,276.59,0.00463,-0.050, 1.655,100864.3,  0.00,271.11
2015-12-11 08:00:00,0.00000000,276.05,0.00447,-0.700, 2.340,100844.9,  0.00,270.63
2015-12-11 09:00:00,0.00000000,275.52,0.00431,-1.348, 3.028,100825.3,  0.00,274.48
2015-12-11 10:00:00,0.00000000,275.72,0.00438,-0.983, 2.914,100823.8,  0.00,274.77
2015-12-11 11:00:00,0.00000000,275.92,0.00444,-0.614, 2.803,100820.2,  0.00,275.10
2015-12-11 12:00:00,0.00000000,276.12,0.00451,-0.253, 2.692,100815.5,  0.00,291.53
2015-12-11 13:00:00,0.00000000,278.13,0.00506,-0.253, 2.605,100796.6,118.80,293.63
2015-12-11 14:00:00,0.00000000,280.19,0.00567,-0.255, 2.515,100778.3,239.63,295.96
2015-12-11 15:00:00,0.00000000,282.19,0.00629,-0.258, 2.424,100759.8,360.37,281.44
2015-12-11 16:00:00,0.00000000,283.27,0.00654, 0.192, 3.158,100677.0,423.52,282.49
2015-12-11 17:00:00,0.00000000,284.38,0.00680, 0.627, 3.886,100594.3,425.98,283.56
2015-12-11 18:00:00,0.00000000,285.46,0.00706, 1.072, 4.625,100513.1,353.22,294.50
2015-12-11 19:00:00,0.00000000,284.76,0.00701, 1.255, 4.490,100479.0,272.27,293.87
2015-12-11 20:00:00,0.00000000,284.04,0.00694, 1.442, 4.357,100442.7,155.05,293.17
2015-12-11 21:00:00,0.00000000,283.34,0.00689, 1.634, 4.220,100408.0,  3.20,276.84
2015-12-11 22:00:00,0.00000000,282.47,0.00657, 2.183, 3.859,100441.8,  0.00,275.92
2015-12-11 23:00:00,0.00000000,281.57,0.00625, 2.734, 3.491,100478.6,  0.00,274.87
2015-12-12 00:00:00,0.00000000,280.69,0.00595, 3.281, 3.125,100512.1,  0.00,262.93
2015-12-12 01:00:00,0.00000000,280.04,0.00569, 3.600, 2.442,100563.9,  0.00,261.91
2015-12-12 02:00:00,0.00000000,279.36,0.00543, 3.921, 1.757,100615.2,  0.00,260.79
2015-12-12 03:00:00,0.00000000,278.71,0.00518, 4.241, 1.074,100665.0,  0.00,255.53
2015-12-12 04:00:00,0.00000000,278.25,0.00497, 4.380, 0.310,100710.8,  0.00,254.94
2015-12-12 05:00:00,0.00000000,277.77,0.00476, 4.519,-0.462,100755.7,  0.00,254.33
2015-12-12 06:00:00,0.00000000,277.32,0.00456, 4.656,-1.228,100798.7,  0.00,255.47
2015-12-12 07:00:00,0.00000000,277.07,0.00439, 4.624,-1.317,100864.5,  0.00,255.26
2015-12-12 08:00:00,0.00000000,276.82,0.00422, 4.601,-1.406,100929.9,  0.00,255.09
2015-12-12 09:00:00,0.00000000,276.57,0.00405, 4.572,-1.492,100990.9,  0.00,267.06
2015-12-12 10:00:00,0.00000000,276.37,0.00394, 4.833,-1.567,101061.1,  0.00,266.79
2015-12-12 11:00:00,0.00000000,276.16,0.00383, 5.094,-1.649,101130.6,  0.00,266.53
2015-12-12 12:00:00,0.00000000,275.96,0.00372, 5.354,-1.722,101198.2,  0.00,252.80
2015-12-12 13:00:00,0.00000000,278.02,0.00402, 5.109,-2.061,101257.5,115.37,255.64
2015-12-12 14:00:00,0.00000000,280.14,0.00436, 4.863,-2.398,101314.4,234.88,258.66
2015-12-12 15:00:00,0.00000000,282.20,0.00469, 4.611,-2.733,101370.7,358.18,274.94
2015-12-12 16:00:00,0.00000000,282.90,0.00478, 4.283,-2.378,101322.8,421.49,275.63
2015-12-12 17:00:00,0.00000000,283.63,0.00486, 3.957,-2.017,101268.5,424.30,276.39
2015-12-12 18:00:00,0.00000000,284.33,0.00494, 3.629,-1.661,101217.7,357.05,274.59
2015-12-12 19:00:00,0.00000000,282.83,0.00481, 3.477,-0.940,101264.2,275.39,272.61
2015-12-12 20:00:00,0.00000000,281.28,0.00467, 3.315,-0.226,101310.3,156.90,270.38
2015-12-12 21:00:00,0.00000000,279.77,0.00454, 3.163, 0.496,101359.4,  3.04,262.60
2015-12-12 22:00:00,0.00000000,278.88,0.00439, 3.234, 0.440,101390.2,  0.00,261.86
2015-12-12 23:00:00,0.00000000,277.96,0.00424, 3.296, 0.381,101421.2,  0.00,261.04
2015-12-13 00:00:00,0.00000000,277.08,0.00410, 3.363, 0.325,101451.6,  0.00,255.31
2015-12-13 01:00:00,0.00000000,276.90,0.00398, 2.886,-0.300,101456.0,  0.00,255.22
2015-12-13 02:00:00,0.00000000,276.72,0.00387, 2.402,-0.927,101464.2,  0.00,255.11
2015-12-13 03:00:00,0.00000000,276.54,0.00375, 1.922,-1.548,101470.1,  0.00,304.01
2015-12-13 04:00:00,0.00000000,276.81,0.00388, 1.822,-1.820,101501.4,  0.00,304.33
2015-12-13 05:00:00,0.00000000,277.07,0.00400, 1.724,-2.088,101530.1,  0.00,304.66
2015-12-13 06:00:00,0.00000000,277.33,0.00413, 1.624,-2.352,101564.3,  0.00,313.15
2015-12-13 07:00:00,0.00000000,277.43,0.00418, 1.620,-2.337,101553.9,  0.00,313.79
2015-12-13 08:00:00,0.00000000,277.53,0.00423, 1.620,-2.323,101540.9,  0.00,314.47
2015-12-13 09:00:00,0.00000000,277.63,0.00428, 1.616,-2.298,101530.3,  0.00,313.70
2015-12-13 10:00:00,0.00000000,277.11,0.00418, 1.349,-2.380,101570.8,  0.00,312.24
2015-12-13 11:00:00,0.00000000,276.58,0.00408, 1.081,-2.460,101613.1,  0.00,310.74
2015-12-13 12:00:00,0.00000000,276.05,0.00399, 0.817,-2.538,101656.2,  0.00,301.40
2015-12-13 13:00:00,0.00000000,278.65,0.00439, 0.738,-2.524,101697.0, 89.69,307.42
2015-12-13 14:00:00,0.00000000,281.33,0.00484, 0.657,-2.512,101741.9,184.34,313.80
2015-12-13 15:00:00,0.00000000,283.92,0.00529, 0.571,-2.497,101783.3,246.14,335.78
2015-12-13 16:00:00,0.00000000,284.03,0.00522, 0.309,-2.128,101759.4,290.04,336.17
2015-12-13 17:00:00,0.00000000,284.14,0.00514, 0.039,-1.752,101739.4,292.25,336.55
2015-12-13 18:00:00,0.00000000,284.24,0.00506,-0.219,-1.382,101715.8,257.56,333.36
2015-12-13 19:00:00,0.00000000,283.07,0.00496,-0.480,-0.920,101682.9,198.80,330.12
2015-12-13 20:00:00,0.00000000,281.86,0.00484,-0.731,-0.455,101649.6,113.31,326.71
2015-12-13 21:00:00,0.00000000,280.69,0.00473,-0.980, 0.010,101614.8,  3.01,325.37
2015-12-13 22:00:00,0.00000000,279.90,0.00464,-1.392, 0.523,101663.0,  0.00,323.61
2015-12-13 23:00:00,0.00000000,279.10,0.00455,-1.799, 1.032,101710.4,  0.00,321.69
2015-12-14 00:00:00,0.00000000,278.31,0.00445,-2.213, 1.541,101758.2,  0.00,313.80
2015-12-14 01:00:00,0.00000000,277.76,0.00434,-2.460, 1.888,101733.0,  0.00,312.48
2015-12-14 02:00:00,0.00000000,277.19,0.00422,-2.702, 2.232,101705.7,  0.00,311.07
2015-12-14 03:00:00,0.00000000,276.64,0.00410,-2.944, 2.574,101678.9,  0.00,320.37
2015-12-14 04:00:00,0.00000000,276.45,0.00413,-2.651, 2.565,101613.3,  0.00,319.75
2015-12-14 05:00:00,0.00000000,276.25,0.00415,-2.352, 2.562,101548.3,  0.00,319.10
2015-12-14 06:00:00,0.00000000,276.05,0.00417,-2.056, 2.553,101479.7,  0.00,324.51
2015-12-14 07:00:00,0.00000000,276.12,0.00421,-2.147, 2.494,101423.0,  0.00,324.33
2015-12-14 08:00:00,0.00000000,276.19,0.00426,-2.244, 2.430,101365.1,  0.00,324.20
2015-12-14 09:00:00,0.00000000,276.26,0.00431,-2.345, 2.370,101303.6,  0.00,327.89
2015-12-14 10:00:00,0.00000000,276.31,0.00437,-2.285, 2.363,101275.5,  0.00,327.96
2015-12-14 11:00:00,0.00000000,276.37,0.00444,-2.219, 2.362,101248.3,  0.00,328.00
2015-12-14 12:00:00,0.00000000,276.42,0.00450,-2.151, 2.351,101220.5,  0.00,326.48
2015-12-14 13:00:00,0.00000000,277.52,0.00471,-2.150, 2.360,101114.6, 81.03,328.24
2015-12-14 14:00:00,0.00000000,278.64,0.00493,-2.148, 2.363,101013.7,168.11,330.13
2015-12-14 15:00:00,0.00000000,279.73,0.00515,-2.153, 2.368,100913.4,272.79,326.01
2015-12-14 16:00:00,0.00000000,280.56,0.00539,-2.353, 2.003,100798.1,321.91,326.45
2015-12-14 17:00:00,0.00000000,281.42,0.00564,-2.550, 1.650,100683.7,324.60,326.99
2015-12-14 18:00:00,0.00000000,282.25,0.00589,-2.746, 1.284,100568.2,329.81,305.48
2015-12-14 19:00:00,0.00000000,281.87,0.00595,-2.802, 1.735,100481.2,254.67,305.09
2015-12-14 20:00:00,0.00000000,281.48,0.00601,-2.862, 2.184,100394.8,145.46,304.68
2015-12-14 21:00:00,0.00000000,281.09,0.00607,-2.919, 2.642,100303.3,  3.84,317.95
2015-12-14 22:00:00,0.00000000,280.83,0.00608,-3.038, 2.335,100219.5,  0.00,317.51
2015-12-14 23:00:00,0.00000000,280.56,0.00608,-3.156, 2.028,100131.7,  0.00,316.97
2015-12-15 00:00:00,0.00000000,280.30,0.00609,-3.271, 1.720,100046.2,  0.00,328.59
2015-12-15 01:00:00,0.00000000,280.44,0.00622,-2.533, 2.495, 99926.1,  0.00,328.15
2015-12-15 02:00:00,0.00000530,280.59,0.00636,-1.791, 3.269, 99807.1,  0.00,327.72
2015-12-15 03:00:00,0.00093769,280.72,0.00648,-1.055, 4.038, 99684.2,  0.00,357.04
2015-12-15 04:00:00,0.00010164,281.28,0.00673,-1.203, 4.446, 99471.5,  0.00,357.17
2015-12-15 05:00:00,0.00039197,281.86,0.00698,-1.348, 4.850, 99262.0,  0.00,357.37
2015-12-15 06:00:00,0.00005807,282.41,0.00723,-1.497, 5.260, 99052.6,  0.00,358.49
2015-12-15 07:00:00,0.00000000,282.35,0.00715,-0.335, 4.479, 98937.3,  0.00,358.64
2015-12-15 08:00:00,0.00000497,282.29,0.00707, 0.841, 3.701, 98825.2,  0.00,358.76
2015-12-15 09:00:00,0.00000000,282.22,0.00699, 2.008, 2.922, 98712.2,  0.00,357.60
2015-12-15 10:00:00,0.00000497,282.31,0.00701, 4.027, 0.979, 98712.0,  0.00,357.93
2015-12-15 11:00:00,0.00000000,282.40,0.00702, 6.046,-0.961, 98712.7,  0.00,358.29
2015-12-15 12:00:00,0.00022200,282.49,0.00703, 8.062,-2.896, 98713.9,  0.00,346.80
2015-12-15 13:00:00,0.00020978,282.98,0.00688, 8.452,-3.006, 98761.6, 36.33,347.11
2015-12-15 14:00:00,0.00000000,283.48,0.00673, 8.845,-3.110, 98813.5, 76.04,347.49
2015-12-15 15:00:00,0.00000000,283.97,0.00657, 9.234,-3.217, 98862.0,340.62,292.56
2015-12-15 16:00:00,0.00000000,284.29,0.00610, 9.383,-3.353, 98869.2,402.53,292.85
2015-12-15 17:00:00,0.00000000,284.63,0.00562, 9.534,-3.483, 98877.1,406.36,293.16
2015-12-15 18:00:00,0.00000000,284.95,0.00513, 9.685,-3.619, 98882.3,285.44,310.94
2015-12-15 19:00:00,0.00000000,284.14,0.00516, 9.432,-3.838, 98999.1,220.58,311.42
2015-12-15 20:00:00,0.00000000,283.30,0.00518, 9.190,-4.059, 99115.8,126.20,311.84
2015-12-15 21:00:00,0.00000000,282.49,0.00520, 8.939,-4.279, 99236.1,  3.10,312.04
2015-12-15 22:00:00,0.00000000,281.80,0.00516, 8.387,-4.846, 99364.3,  0.00,312.37
2015-12-15 23:00:00,0.00000000,281.08,0.00510, 7.837,-5.412, 99492.5,  0.00,312.61
2015-12-16 00:00:00,0.00000000,280.39,0.00505, 7.275,-5.977, 99620.3,  0.00,308.49
2015-12-16 01:00:00,0.00000000,279.84,0.00493, 6.179,-6.012, 99746.3,  0.00,308.29
2015-12-16 02:00:00,0.00000000,279.28,0.00480, 5.078,-6.051, 99869.4,  0.00,307.97
2015-12-16 03:00:00,0.00000000,278.74,0.00468, 3.981,-6.090, 99992.4,  0.00,305.15
2015-12-16 04:00:00,0.00000000,278.19,0.00445, 3.367,-6.123,100153.2,  0.00,304.62
2015-12-16 05:00:00,0.00000000,277.62,0.00423, 2.757,-6.151,100313.3,  0.00,304.06
2015-12-16 06:00:00,0.00000000,277.08,0.00401, 2.145,-6.177,100471.9,  0.00,295.55
2015-12-16 07:00:00,0.00000000,276.55,0.00386, 1.662,-5.780,100650.6,  0.00,295.43
2015-12-16 08:00:00,0.00000000,276.00,0.00371, 1.187,-5.374,100826.6,  0.00,295.29
2015-12-16 09:00:00,0.00000000,275.47,0.00356, 0.703,-4.975,101008.0,  0.00,277.64
2015-12-16 10:00:00,0.00000000,275.14,0.00351, 0.056,-4.517,101127.1,  0.00,278.41
2015-12-16 11:00:00,0.00000000,274.79,0.00345,-0.595,-4.069,101250.0,  0.00,279.06
2015-12-16 12:00:00,0.00000000,274.45,0.00340,-1.243,-3.611,101375.6,  0.00,262.42
2015-12-16 13:00:00,0.00000000,274.77,0.00326,-1.289,-3.927,101449.5,105.08,262.75
2015-12-16 14:00:00,0.00000000,275.09,0.00313,-1.329,-4.236,101528.2,221.96,263.07
2015-12-16 15:00:00,0.00000000,275.41,0.00300,-1.370,-4.550,101604.5,357.79,240.60
2015-12-16 16:00:00,0.00000000,275.93,0.00306,-1.605,-3.482,101563.4,423.34,241.26
2015-12-16 17:00:00,0.00000000,276.47,0.00312,-1.837,-2.409,101518.0,427.69,241.97
2015-12-16 18:00:00,0.00000000,277.00,0.00319,-2.066,-1.343,101477.6,363.09,236.58
2015-12-16 19:00:00,0.00000000,276.27,0.00317,-1.719,-0.731,101489.5,280.94,236.04
2015-12-16 20:00:00,0.00000000,275.51,0.00315,-1.376,-0.111,101505.3,160.94,235.39
2015-12-16 21:00:00,0.00000000,274.79,0.00313,-1.032, 0.498,101519.9,  3.23,228.22
2015-12-16 22:00:00,0.00000000,273.78,0.00304,-1.323, 1.025,101601.5,  0.00,227.15
2015-12-16 23:00:00,0.00000000,272.75,0.00293,-1.613, 1.561,101684.8,  0.00,225.97
2015-12-17 00:00:00,0.00000000,271.74,0.00284,-1.907, 2.096,101767.3,  0.00,234.46
2015-12-17 01:00:00,0.00000000,271.84,0.00295,-1.847, 2.157,101771.0,  0.00,234.45
2015-12-17 02:00:00,0.00000000,271.94,0.00305,-1.782, 2.219,101778.1,  0.00,234.47
2015-12-17 03:00:00,0.00000000,272.03,0.00316,-1.725, 2.279,101782.1,  0.00,272.55
2015-12-17 04:00:00,0.00000000,272.37,0.00330,-1.408, 2.282,101734.2,  0.00,272.51
2015-12-17 05:00:00,0.00000000,272.72,0.00345,-1.084, 2.283,101682.7,  0.00,272.50
2015-12-17 06:00:00,0.00000000,273.06,0.00359,-0.758, 2.284,101634.6,  0.00,287.67
2015-12-17 07:00:00,0.00000000,273.35,0.00368,-1.395, 2.365,101584.1,  0.00,287.46
2015-12-17 08:00:00,0.00000000,273.64,0.00377,-2.026, 2.441,101532.4,  0.00,287.30
2015-12-17 09:00:00,0.00000000,273.93,0.00386,-2.654, 2.523,101484.7,  0.00,308.12
2015-12-17 10:00:00,0.00000000,274.41,0.00400,-2.737, 2.884,101481.4,  0.00,307.84
2015-12-17 11:00:00,0.00000000,274.91,0.00414,-2.815, 3.250,101478.1,  0.00,307.66
2015-12-17 12:00:00,0.00000000,275.40,0.00427,-2.894, 3.612,101479.6,  0.00,320.65
2015-12-17 13:00:00,0.00000000,276.00,0.00436,-3.267, 3.761,101406.4, 59.39,319.95
2015-12-17 14:00:00,0.00000000,276.63,0.00446,-3.644, 3.899,101336.7,126.54,319.34
2015-12-17 15:00:00,0.00000000,277.23,0.00455,-4.015, 4.042,101262.8,158.62,333.76
2015-12-17 16:00:00,0.00000000,277.87,0.00480,-3.765, 4.060,101109.2,187.95,333.00
2015-12-17 17:00:00,0.00000000,278.52,0.00504,-3.523, 4.070,100955.1,190.07,332.34
2015-12-17 18:00:00,0.00000000,279.15,0.00528,-3.281, 4.087,100800.0,152.65,342.02
2015-12-17 19:00:00,0.00000016,279.32,0.00547,-2.404, 4.460,100755.0,118.20,341.63
2015-12-17 20:00:00,0.00000000,279.50,0.00566,-1.533, 4.837,100711.3, 67.88,341.26
2015-12-17 21:00:00,0.00048016,279.67,0.00584,-0.655, 5.211,100665.4,  2.32,342.33
2015-12-17 22:00:00,0.00086332,279.85,0.00597,-0.791, 4.283,100548.6,  0.00,341.73
2015-12-17 23:00:00,0.00063372,280.03,0.00609,-0.924, 3.360,100434.4,  0.00,341.09
2015-12-18 00:00:00,0.00051067,280.21,0.00621,-1.053, 2.425,100318.0,  0.00,340.18
2015-12-18 01:00:00,0.00015089,279.75,0.00600,-1.414, 1.942,100238.0,  0.00,339.82
2015-12-18 02:00:00,0.00018367,279.27,0.00578,-1.775, 1.455,100157.8,  0.00,339.43
2015-12-18 03:00:00,0.00000000,278.81,0.00558,-2.134, 0.972,100074.2,  0.00,334.55
2015-12-18 04:00:00,0.00000520,278.22,0.00537,-1.083, 0.047, 99935.7,  0.00,332.44
2015-12-18 05:00:00,0.00004389,277.61,0.00517,-0.031,-0.881, 99797.2,  0.00,330.28
2015-12-18 06:00:00,0.00004557,277.02,0.00498, 1.029,-1.805, 99658.8,  0.00,326.70
2015-12-18 07:00:00,0.00000000,277.21,0.00505, 1.581,-1.844, 99731.5,  0.00,327.56
2015-12-18 08:00:00,0.00000000,277.41,0.00511, 2.131,-1.886, 99803.3,  0.00,328.40
2015-12-18 09:00:00,0.00000000,277.60,0.00518, 2.690,-1.923, 99877.6,  0.00,311.72
2015-12-18 10:00:00,0.00000000,277.32,0.00508, 2.528,-1.548, 99886.3,  0.00,311.94
2015-12-18 11:00:00,0.00000000,277.04,0.00498, 2.371,-1.172, 99896.2,  0.00,312.10
2015-12-18 12:00:00,0.00000000,276.76,0.00487, 2.216,-0.798, 99907.6,  0.00,283.65
2015-12-18 13:00:00,0.00000000,277.69,0.00496, 2.360,-1.216, 99921.0,102.24,284.31
2015-12-18 14:00:00,0.00000000,278.63,0.00505, 2.504,-1.629, 99933.3,219.70,285.07
2015-12-18 15:00:00,0.00000000,279.55,0.00514, 2.652,-2.045, 99943.2,305.87,293.08
2015-12-18 16:00:00,0.00000000,279.75,0.00488, 3.024,-1.818, 99892.8,362.88,292.20
2015-12-18 17:00:00,0.00000042,279.94,0.00463, 3.402,-1.591, 99841.4,367.32,291.35
2015-12-18 18:00:00,0.00000000,280.14,0.00438, 3.776,-1.363, 99789.4,259.03,292.69
2015-12-18 19:00:00,0.00000000,279.73,0.00439, 3.472,-1.518, 99719.8,200.86,294.34
2015-12-18 20:00:00,0.00000042,279.32,0.00439, 3.165,-1.668, 99650.9,115.57,295.90
2015-12-18 21:00:00,0.00000010,278.91,0.00439, 2.860,-1.825, 99581.8,  3.04,300.04
2015-12-18 22:00:00,0.00000010,278.82,0.00434, 3.189,-2.411, 99653.6,  0.00,301.27
2015-12-18 23:00:00,0.00000021,278.72,0.00427, 3.516,-2.991, 99726.6,  0.00,302.52
2015-12-19 00:00:00,0.00000108,278.63,0.00421, 3.844,-3.575, 99797.8,  0.00,290.00
2015-12-19 01:00:00,0.00000021,277.73,0.00395, 4.448,-4.049, 99828.6,  0.00,291.47
2015-12-19 02:00:00,0.00000000,276.80,0.00367, 5.045,-4.523, 99859.4,  0.00,292.83
2015-12-19 03:00:00,0.00000000,275.89,0.00338, 5.640,-5.001, 99891.0,  0.00,282.67
2015-12-19 04:00:00,0.00000108,275.11,0.00317, 5.876,-5.110, 99921.3,  0.00,283.44
2015-12-19 05:00:00,0.00000108,274.31,0.00295, 6.108,-5.218, 99951.1,  0.00,284.15
2015-12-19 06:00:00,0.00000108,273.53,0.00273, 6.339,-5.330, 99980.7,  0.00,265.77
2015-12-19 07:00:00,0.00000109,273.22,0.00268, 6.167,-4.603,100030.1,  0.00,265.82
2015-12-19 08:00:00,0.00000108,272.89,0.00262, 5.995,-3.878,100076.2,  0.00,265.85
2015-12-19 09:00:00,0.00000109,272.58,0.00256, 5.825,-3.153,100126.0,  0.00,282.62
2015-12-19 10:00:00,0.00000109,272.61,0.00255, 5.823,-1.914,100165.7,  0.00,282.40
2015-12-19 11:00:00,0.00000109,272.64,0.00253, 5.818,-0.668,100204.2,  0.00,282.21
2015-12-19 12:00:00,0.00000109,272.67,0.00251, 5.812, 0.572,100244.9,  0.00,276.34
2015-12-19 13:00:00,0.00000000,273.62,0.00249, 6.882, 0.416,100333.1, 65.85,277.47
2015-12-19 14:00:00,0.00000000,274.60,0.00247, 7.942, 0.266,100421.7,142.64,278.65
2015-12-19 15:00:00,0.00000000,275.55,0.00245, 9.014, 0.110,100509.5,267.48,250.29
2015-12-19 16:00:00,0.00000000,275.86,0.00237, 9.253,-0.577,100494.4,317.71,251.68
2015-12-19 17:00:00,0.00000000,276.17,0.00228, 9.492,-1.260,100476.8,321.89,253.08
2015-12-19 18:00:00,0.00000000,276.47,0.00219, 9.733,-1.947,100458.1,278.97,244.98
2015-12-19 19:00:00,0.00000000,275.80,0.00217, 9.691,-1.415,100555.5,216.55,244.32
2015-12-19 20:00:00,0.00000000,275.12,0.00214, 9.650,-0.880,100648.3,124.98,243.60
2015-12-19 21:00:00,0.00000000,274.45,0.00212, 9.614,-0.352,100741.4,  4.75,238.66
2015-12-19 22:00:00,0.00000000,274.07,0.00207, 9.629,-0.519,100816.8,  0.00,238.59
2015-12-19 23:00:00,0.00000000,273.68,0.00201, 9.640,-0.686,100893.5,  0.00,238.51
2015-12-20 00:00:00,0.00000000,273.30,0.00196, 9.655,-0.849,100967.9,  0.00,264.66
2015-12-20 01:00:00,0.00000000,273.26,0.00197, 9.852,-0.997,101048.5,  0.00,264.63
2015-12-20 02:00:00,0.00000000,273.22,0.00198,10.045,-1.152,101131.2,  0.00,264.58
2015-12-20 03:00:00,0.00000000,273.18,0.00199,10.242,-1.299,101212.4,  0.00,242.61
2015-12-20 04:00:00,0.00000000,272.89,0.00199, 9.939,-1.877,101233.5,  0.00,242.44
2015-12-20 05:00:00,0.00000000,272.59,0.00198, 9.632,-2.456,101252.6,  0.00,242.25
2015-12-20 06:00:00,0.00000000,272.30,0.00198, 9.323,-3.034,101272.0,  0.00,238.17
2015-12-20 07:00:00,0.00000000,272.25,0.00202, 8.692,-3.156,101405.9,  0.00,238.36
2015-12-20 08:00:00,0.00000000,272.20,0.00207, 8.059,-3.278,101539.2,  0.00,238.56
2015-12-20 09:00:00,0.00000000,272.15,0.00211, 7.424,-3.391,101672.8,  0.00,241.38
2015-12-20 10:00:00,0.00000000,271.64,0.00205, 7.243,-3.678,101815.9,  0.00,240.21
2015-12-20 11:00:00,0.00000000,271.13,0.00199, 7.063,-3.965,101959.2,  0.00,239.05
2015-12-20 12:00:00,0.00000000,270.62,0.00192, 6.883,-4.251,102104.1,  0.00,276.40
2015-12-20 13:00:00,0.00000000,271.28,0.00189, 6.698,-4.471,102181.5, 70.43,278.07
2015-12-20 14:00:00,0.00000000,271.97,0.00184, 6.525,-4.703,102256.6,153.78,279.78
2015-12-20 15:00:00,0.00000000,272.63,0.00179, 6.339,-4.925,102332.7,287.63,263.98
2015-12-20 16:00:00,0.00000000,274.18,0.00199, 6.437,-4.153,102343.1,342.06,268.07
2015-12-20 17:00:00,0.00000000,275.79,0.00221, 6.527,-3.384,102352.1,346.82,272.47
2015-12-20 18:00:00,0.00000000,277.34,0.00243, 6.621,-2.618,102362.0,313.44,276.73
2015-12-20 19:00:00,0.00000000,277.02,0.00257, 5.843,-1.930,102410.1,243.61,275.96
2015-12-20 20:00:00,0.00000000,276.69,0.00270, 5.069,-1.250,102456.9,140.96,275.16
2015-12-20 21:00:00,0.00000000,276.36,0.00283, 4.288,-0.568,102507.1,  5.00,237.39
2015-12-20 22:00:00,0.00000000,274.74,0.00268, 3.542, 0.191,102546.3,  0.00,233.64
2015-12-20 23:00:00,0.00000000,273.07,0.00252, 2.793, 0.950,102587.9,  0.00,229.79
2015-12-21 00:00:00,0.00000000,271.45,0.00237, 2.042, 1.702,102631.8,  0.00,219.59
2015-12-21 01:00:00,0.00000000,271.41,0.00231, 1.742, 1.906,102608.5,  0.00,219.42
2015-12-21 02:00:00,0.00000000,271.38,0.00224, 1.440, 2.104,102583.7,  0.00,219.27
2015-12-21 03:00:00,0.00000000,271.34,0.00218, 1.145, 2.310,102560.0,  0.00,222.68
2015-12-21 04:00:00,0.00000000,271.55,0.00228, 1.160, 2.399,102455.6,  0.00,222.53
2015-12-21 05:00:00,0.00000000,271.76,0.00239, 1.173, 2.499,102353.7,  0.00,222.42
2015-12-21 06:00:00,0.00000000,271.97,0.00250, 1.190, 2.590,102251.2,  0.00,229.26
2015-12-21 07:00:00,0.00000000,272.27,0.00266, 1.713, 3.510,102190.9,  0.00,229.08
2015-12-21 08:00:00,0.00000000,272.59,0.00282, 2.233, 4.427,102130.7,  0.00,228.91
2015-12-21 09:00:00,0.00000000,272.89,0.00298, 2.759, 5.348,102069.8,  0.00,236.66
2015-12-21 10:00:00,0.00000000,273.03,0.00309, 2.915, 5.057,101993.9,  0.00,236.44
2015-12-21 11:00:00,0.00000000,273.17,0.00320, 3.082, 4.769,101919.5,  0.00,236.25
2015-12-21 12:00:00,0.00000000,273.31,0.00331, 3.242, 4.474,101847.0,  0.00,244.30
2015-12-21 13:00:00,0.00000000,274.46,0.00333, 3.567, 4.931,101861.2,100.72,243.89
2015-12-21 14:00:00,0.00000000,275.63,0.00336, 3.884, 5.389,101877.1,221.58,243.62
2015-12-21 15:00:00,0.00000000,276.78,0.00339, 4.206, 5.848,101892.9,315.94,270.47
2015-12-21 16:00:00,0.00000000,277.47,0.00346, 4.193, 5.895,101676.0,376.21,270.00
2015-12-21 17:00:00,0.00000000,278.17,0.00354, 4.183, 5.952,101460.0,381.78,269.65
2015-12-21 18:00:00,0.00000000,278.86,0.00361, 4.167, 6.004,101243.9,320.85,292.14
2015-12-21 19:00:00,0.00000000,278.65,0.00382, 4.025, 5.842,101244.1,249.75,291.84
2015-12-21 20:00:00,0.00000000,278.41,0.00401, 3.885, 5.685,101244.1,144.97,291.40
2015-12-21 21:00:00,0.00000000,278.18,0.00421, 3.747, 5.523,101243.7,  8.59,300.73
2015-12-21 22:00:00,0.00000000,278.13,0.00436, 4.031, 5.438,101186.0,  0.00,301.42
2015-12-21 23:00:00,0.00000000,278.09,0.00451, 4.322, 5.352,101125.5,  0.00,302.19
2015-12-22 00:00:00,0.00000000,278.05,0.00468, 4.614, 5.268,101069.8,  0.00,334.56
2015-12-22 01:00:00,0.00000000,277.91,0.00459, 4.584, 4.818,101055.2,  0.00,332.51
2015-12-22 02:00:00,0.00000000,277.78,0.00449, 4.552, 4.362,101037.8,  0.00,330.45
2015-12-22 03:00:00,0.00007793,277.65,0.00440, 4.515, 3.911,101022.1,  0.00,318.44
2015-12-22 04:00:00,0.00000000,277.19,0.00433, 4.273, 3.510,101042.9,  0.00,316.22
2015-12-22 05:00:00,0.00000000,276.68,0.00425, 4.035, 3.102,101056.9,  0.00,313.88
2015-12-22 06:00:00,0.00000000,276.20,0.00417, 3.798, 2.700,101077.4,  0.00,309.89
2015-12-22 07:00:00,0.00000000,276.09,0.00418, 3.420, 2.280,101131.0,  0.00,309.58
2015-12-22 08:00:00,0.00000000,275.96,0.00419, 3.051, 1.853,101187.8,  0.00,309.23
2015-12-22 09:00:00,0.00000000,275.86,0.00421, 2.680, 1.424,101242.0,  0.00,311.28
2015-12-22 10:00:00,0.00000000,275.76,0.00421, 2.054, 1.786,101281.3,  0.00,310.97
2015-12-22 11:00:00,0.00000000,275.68,0.00421, 1.437, 2.150,101319.9,  0.00,310.70
2015-12-22 12:00:00,0.00000000,275.58,0.00421, 0.811, 2.518,101362.8,  0.00,305.45
2015-12-22 13:00:00,0.00000000,275.95,0.00429,-0.027, 2.431,101340.8, 54.10,304.99
2015-12-22 14:00:00,0.00027348,276.32,0.00438,-0.865, 2.354,101317.5,119.85,304.60
2015-12-22 15:00:00,0.00077766,276.68,0.00446,-1.712, 2.277,101298.8, 93.57,332.35
2015-12-22 16:00:00,0.00114162,277.20,0.00472,-1.998, 2.683,101131.0,111.52,332.66
2015-12-22 17:00:00,0.00033772,277.71,0.00498,-2.283, 3.090,100964.0,113.28,333.12
2015-12-22 18:00:00,0.00014928,278.24,0.00525,-2.574, 3.498,100796.7, 97.29,337.95
2015-12-22 19:00:00,0.00025707,278.53,0.00538,-1.493, 4.176,100644.0, 75.82,338.29
2015-12-22 20:00:00,0.00050126,278.83,0.00552,-0.407, 4.857,100492.7, 44.14,338.62
2015-12-22 21:00:00,0.00043056,279.12,0.00565, 0.676, 5.533,100341.1,  2.51,340.17
2015-12-22 22:00:00,0.00057208,279.74,0.00587, 2.327, 4.945,100460.8,  0.00,340.68
2015-12-22 23:00:00,0.00011268,280.37,0.00609, 3.983, 4.356,100584.4,  0.00,341.30
2015-12-23 00:00:00,0.00000000,280.98,0.00631, 5.637, 3.769,100704.0,  0.00,335.85
2015-12-23 01:00:00,0.00000000,280.87,0.00625, 5.560, 2.201,100795.3,  0.00,335.98
2015-12-23 02:00:00,0.00000000,280.76,0.00618, 5.491, 0.634,100883.8,  0.00,336.12
2015-12-23 03:00:00,0.00000000,280.65,0.00611, 5.421,-0.928,100969.0,  0.00,280.71
2015-12-23 04:00:00,0.00000000,279.99,0.00581, 4.833,-1.098,101062.9,  0.00,280.83
2015-12-23 05:00:00,0.00000000,279.32,0.00549, 4.251,-1.272,101156.5,  0.00,280.88
2015-12-23 06:00:00,0.00000000,278.67,0.00519, 3.668,-1.446,101249.3,  0.00,260.06
2015-12-23 07:00:00,0.00000000,278.04,0.00495, 3.497,-1.342,101350.2,  0.00,260.09
2015-12-23 08:00:00,0.00000000,277.39,0.00472, 3.333,-1.240,101450.8,  0.00,260.03
2015-12-23 09:00:00,0.00000000,276.77,0.00449, 3.166,-1.143,101553.9,  0.00,255.43
2015-12-23 10:00:00,0.00000000,276.44,0.00439, 1.850,-1.379,101601.4,  0.00,255.33
2015-12-23 11:00:00,0.00000000,276.10,0.00428, 0.531,-1.609,101654.5,  0.00,255.20
2015-12-23 12:00:00,0.00000000,275.76,0.00418,-0.779,-1.846,101702.2,  0.00,256.78
2015-12-23 13:00:00,0.00000000,276.81,0.00442,-1.366,-0.884,101757.6, 99.12,256.54
2015-12-23 14:00:00,0.00000000,277.89,0.00468,-1.955, 0.085,101804.4,221.04,256.39
2015-12-23 15:00:00,0.00000000,278.94,0.00492,-2.533, 1.052,101858.9,327.54,273.64
2015-12-23 16:00:00,0.00000000,279.05,0.00491,-3.588, 1.488,101827.5,390.89,273.07
2015-12-23 17:00:00,0.00000000,279.17,0.00490,-4.635, 1.928,101799.1,397.46,272.57
2015-12-23 18:00:00,0.00000000,279.29,0.00489,-5.685, 2.362,101768.6,334.98,288.61
2015-12-23 19:00:00,0.00000000,278.65,0.00482,-5.272, 2.182,101757.4,261.51,288.17
2015-12-23 20:00:00,0.00000000,277.99,0.00474,-4.867, 2.009,101747.7,152.87,287.65
2015-12-23 21:00:00,0.00000000,277.35,0.00468,-4.456, 1.827,101736.3,  8.73,305.96
2015-12-23 22:00:00,0.00000000,277.20,0.00472,-5.004, 1.902,101727.9,  0.00,305.81
2015-12-23 23:00:00,0.00000000,277.04,0.00476,-5.550, 1.970,101716.6,  0.00,305.60
2015-12-24 00:00:00,0.00010609,276.89,0.00481,-6.097, 2.043,101703.8,  0.00,328.27
2015-12-24 01:00:00,0.00051741,276.76,0.00476,-6.520, 1.990,101590.3,  0.00,328.59
2015-12-24 02:00:00,0.00037543,276.62,0.00472,-6.939, 1.931,101472.5,  0.00,328.90
2015-12-24 03:00:00,0.00056347,276.49,0.00467,-7.363, 1.869,101359.9,  0.00,335.22
2015-12-24 04:00:00,0.00016855,276.86,0.00478,-7.231, 2.499,101207.9,  0.00,335.69
2015-12-24 05:00:00,0.00031890,277.25,0.00490,-7.101, 3.123,101063.1,  0.00,336.24
2015-12-24 06:00:00,0.00134347,277.63,0.00502,-6.970, 3.745,100911.1,  0.00,346.29
2015-12-24 07:00:00,0.00147278,278.03,0.00520,-5.056, 3.405,100795.8,  0.00,346.84
2015-12-24 08:00:00,0.00007632,278.45,0.00538,-3.140, 3.068,100681.3,  0.00,347.45
2015-12-24 09:00:00,0.00000000,278.87,0.00557,-1.222, 2.724,100568.5,  0.00,344.88
2015-12-24 10:00:00,0.00000000,279.43,0.00578,-0.581, 2.995,100591.1,  0.00,345.37
2015-12-24 11:00:00,0.00000000,280.00,0.00600, 0.057, 3.266,100615.1,  0.00,345.89
2015-12-24 12:00:00,0.00000000,280.56,0.00622, 0.701, 3.542,100635.6,  0.00,313.02
2015-12-24 13:00:00,0.00000000,281.69,0.00660, 1.127, 4.187,100592.5, 87.58,312.87
2015-12-24 14:00:00,0.00000000,282.86,0.00701, 1.555, 4.837,100548.9,196.54,312.93
2015-12-24 15:00:00,0.00000000,283.99,0.00740, 1.983, 5.488,100505.6,309.93,329.75
2015-12-24 16:00:00,0.00000000,285.19,0.00788, 3.271, 5.321,100475.7,370.32,329.64
2015-12-24 17:00:00,0.00000000,286.41,0.00838, 4.557, 5.154,100444.0,376.88,329.68
2015-12-24 18:00:00,0.00000000,287.61,0.00885, 5.846, 4.990,100414.5,355.02,327.52
2015-12-24 19:00:00,0.00000000,287.56,0.00889, 6.227, 3.963,100463.4,277.50,327.90
2015-12-24 20:00:00,0.00000000,287.52,0.00892, 6.609, 2.934,100511.8,162.91,328.22
2015-12-24 21:00:00,0.00000000,287.48,0.00896, 6.987, 1.904,100561.8, 12.57,309.22
2015-12-24 22:00:00,0.00000000,286.75,0.00850, 6.094, 1.234,100704.4,  0.00,309.46
2015-12-24 23:00:00,0.00000000,286.00,0.00802, 5.199, 0.561,100850.7,  0.00,309.62
2015-12-25 00:00:00,0.00000000,285.27,0.00756, 4.305,-0.109,100997.5,  0.00,270.73
2015-12-25 01:00:00,0.00000000,284.19,0.00693, 4.345,-0.162,101075.7,  0.00,270.51
2015-12-25 02:00:00,0.00000000,283.07,0.00629, 4.384,-0.219,101153.0,  0.00,270.11
2015-12-25 03:00:00,0.00000000,281.99,0.00568, 4.421,-0.277,101231.1,  0.00,255.66
2015-12-25 04:00:00,0.00000000,281.07,0.00534, 4.227,-0.153,101296.4,  0.00,255.58
2015-12-25 05:00:00,0.00000000,280.11,0.00500, 4.032,-0.031,101368.5,  0.00,255.36
2015-12-25 06:00:00,0.00000000,279.18,0.00467, 3.839, 0.103,101436.3,  0.00,247.14
2015-12-25 07:00:00,0.00000000,278.76,0.00447, 3.515,-0.486,101428.1,  0.00,247.31
2015-12-25 08:00:00,0.00000000,278.31,0.00425, 3.193,-1.074,101422.6,  0.00,247.36
2015-12-25 09:00:00,0.00000000,277.88,0.00405, 2.868,-1.661,101415.2,  0.00,249.04
2015-12-25 10:00:00,0.00000000,277.43,0.00395, 3.014,-1.607,101435.2,  0.00,249.47
2015-12-25 11:00:00,0.00000000,276.97,0.00385, 3.159,-1.538,101456.7,  0.00,249.84
2015-12-25 12:00:00,0.00000000,276.52,0.00375, 3.306,-1.482,101477.4,  0.00,251.16
2015-12-25 13:00:00,0.00000000,278.22,0.00392, 3.155,-1.110,101512.3,102.74,251.52
2015-12-25 14:00:00,0.00000000,279.97,0.00411, 3.011,-0.736,101547.4,231.92,252.06
2015-12-25 15:00:00,0.00000000,281.68,0.00429, 2.860,-0.371,101583.7,346.27,266.19
2015-12-25 16:00:00,0.00000000,282.47,0.00425, 2.990, 0.050,101535.3,414.05,266.66
2015-12-25 17:00:00,0.00000000,283.28,0.00422, 3.115, 0.472,101492.9,421.80,267.17
2015-12-25 18:00:00,0.00000000,284.07,0.00417, 3.242, 0.898,101445.9,325.44,287.53
2015-12-25 19:00:00,0.00000000,283.57,0.00437, 3.063, 0.718,101493.4,254.84,288.41
2015-12-25 20:00:00,0.00000000,283.06,0.00457, 2.872, 0.530,101540.3,150.20,289.24
2015-12-25 21:00:00,0.00000000,282.57,0.00478, 2.687, 0.351,101585.4,  8.05,303.72
2015-12-25 22:00:00,0.00000000,282.40,0.00480, 2.733, 0.048,101608.2,  0.00,305.06
2015-12-25 23:00:00,0.00000000,282.23,0.00481, 2.772,-0.246,101634.7,  0.00,306.35
2015-12-26 00:00:00,0.00000000,282.07,0.00483, 2.810,-0.541,101659.6,  0.00,325.70
2015-12-26 01:00:00,0.00000000,281.87,0.00480, 2.951,-0.639,101729.7,  0.00,326.34
2015-12-26 02:00:00,0.00000000,281.67,0.00477, 3.090,-0.731,101803.6,  0.00,326.87
2015-12-26 03:00:00,0.00000000,281.48,0.00475, 3.222,-0.821,101872.1,  0.00,268.22
2015-12-26 04:00:00,0.00000000,280.97,0.00461, 3.013,-1.953,101953.7,  0.00,268.41
2015-12-26 05:00:00,0.00000000,280.43,0.00447, 2.795,-3.077,102029.5,  0.00,268.45
2015-12-26 06:00:00,0.00000000,279.92,0.00433, 2.581,-4.209,102105.5,  0.00,248.22
2015-12-26 07:00:00,0.00000000,279.11,0.00417, 2.525,-4.318,102219.5,  0.00,248.44
2015-12-26 08:00:00,0.00000000,278.29,0.00399, 2.465,-4.422,102333.0,  0.00,248.51
2015-12-26 09:00:00,0.00000000,277.49,0.00382, 2.409,-4.533,102447.2,  0.00,228.98
2015-12-26 10:00:00,0.00000000,276.63,0.00366, 1.712,-4.297,102559.4,  0.00,228.88
2015-12-26 11:00:00,0.00000000,275.75,0.00350, 1.016,-4.063,102670.8,  0.00,228.69
2015-12-26 12:00:00,0.00000000,274.90,0.00334, 0.325,-3.830,102782.1,  0.00,213.81
2015-12-26 13:00:00,0.00000000,276.13,0.00328, 0.552,-3.617,102832.4,105.78,214.36
2015-12-26 14:00:00,0.00000000,277.38,0.00323, 0.774,-3.409,102885.1,240.11,215.02
2015-12-26 15:00:00,0.00000000,278.61,0.00317, 1.003,-3.204,102937.9,368.64,223.72
2015-12-26 16:00:00,0.00000000,279.12,0.00316, 0.549,-3.110,102871.7,441.30,224.41
2015-12-26 17:00:00,0.00000000,279.66,0.00314, 0.096,-3.011,102809.8,449.93,225.11
2015-12-26 18:00:00,0.00000000,280.17,0.00312,-0.365,-2.923,102744.3,381.99,231.77
2015-12-26 19:00:00,0.00000000,279.69,0.00318,-0.496,-1.708,102752.8,299.64,231.86
2015-12-26 20:00:00,0.00000000,279.20,0.00323,-0.632,-0.501,102766.8,177.34,231.89
2015-12-26 21:00:00,0.00000000,278.72,0.00329,-0.762, 0.714,102778.0,  9.96,239.64
2015-12-26 22:00:00,0.00000000,278.28,0.00336,-0.784, 0.805,102732.1,  0.00,239.52
2015-12-26 23:00:00,0.00000000,277.82,0.00342,-0.805, 0.912,102686.5,  0.00,239.31
2015-12-27 00:00:00,0.00000000,277.38,0.00348,-0.822, 1.010,102640.4,  0.00,298.65
2015-12-27 01:00:00,0.00000000,276.81,0.00349,-0.884, 1.149,102576.5,  0.00,296.39
2015-12-27 02:00:00,0.00000000,276.22,0.00349,-0.936, 1.279,102506.8,  0.00,294.00
2015-12-27 03:00:00,0.00007886,275.64,0.00349,-0.988, 1.422,102442.4,  0.00,310.82
2015-12-27 04:00:00,0.00000000,276.08,0.00366,-1.703, 1.338,102322.0,  0.00,311.78
2015-12-27 05:00:00,0.00000000,276.54,0.00384,-2.414, 1.264,102203.2,  0.00,312.83
2015-12-27 06:00:00,0.00000000,276.98,0.00402,-3.127, 1.185,102080.6,  0.00,326.71
2015-12-27 07:00:00,0.00000000,277.15,0.00429,-3.021, 1.592,101914.5,  0.00,327.29
2015-12-27 08:00:00,0.00000000,277.33,0.00455,-2.924, 1.994,101747.3,  0.00,327.92
2015-12-27 09:00:00,0.00025181,277.51,0.00482,-2.820, 2.393,101580.8,  0.00,331.24
2015-12-27 10:00:00,0.00076348,277.45,0.00484,-2.609, 2.254,101451.8,  0.00,330.73
2015-12-27 11:00:00,0.00053033,277.39,0.00486,-2.400, 2.122,101325.3,  0.00,330.23
2015-12-27 12:00:00,0.00046647,277.33,0.00487,-2.197, 1.983,101196.3,  0.00,337.86
2015-12-27 13:00:00,0.00037446,277.62,0.00491,-1.993, 1.562,100977.2, 25.77,337.24
2015-12-27 14:00:00,0.00000000,277.91,0.00495,-1.794, 1.137,100762.9, 58.78,336.60
2015-12-27 15:00:00,0.00000000,278.20,0.00498,-1.584, 0.718,100545.8, 96.47,343.28
2015-12-27 16:00:00,0.00000000,278.64,0.00515,-0.741,-0.066,100444.1,115.61,342.98
2015-12-27 17:00:00,0.00000000,279.08,0.00532, 0.114,-0.851,100339.3,118.03,342.66
2015-12-27 18:00:00,0.00000000,279.51,0.00548, 0.966,-1.630,100237.5,107.84,341.98
2015-12-27 19:00:00,0.00000000,279.46,0.00549, 1.593,-1.557,100282.3, 84.76,341.41
2015-12-27 20:00:00,0.00000000,279.39,0.00551, 2.223,-1.481,100328.1, 50.32,340.83
2015-12-27 21:00:00,0.00023414,279.33,0.00553, 2.849,-1.414,100372.2,  4.26,336.18
2015-12-27 22:00:00,0.00000082,278.94,0.00531, 3.659,-2.931,100435.3,  0.00,335.82
2015-12-27 23:00:00,0.00000000,278.54,0.00509, 4.470,-4.454,100498.1,  0.00,335.43
2015-12-28 00:00:00,0.00005060,278.14,0.00487, 5.273,-5.978,100555.4,  0.00,308.92
2015-12-28 01:00:00,0.00000000,277.45,0.00455, 5.420,-5.859,100668.6,  0.00,310.45
2015-12-28 02:00:00,0.00000000,276.73,0.00421, 5.560,-5.749,100781.8,  0.00,311.97
2015-12-28 03:00:00,0.00000000,276.04,0.00385, 5.698,-5.635,100889.7,  0.00,241.23
2015-12-28 04:00:00,0.00000000,275.18,0.00363, 5.338,-5.923,101018.6,  0.00,241.74
2015-12-28 05:00:00,0.00000000,274.29,0.00339, 4.983,-6.201,101147.8,  0.00,242.11
2015-12-28 06:00:00,0.00000000,273.42,0.00316, 4.629,-6.489,101275.8,  0.00,252.89
2015-12-28 07:00:00,0.00000000,273.00,0.00301, 4.352,-6.349,101445.2,  0.00,252.44
2015-12-28 08:00:00,0.00000000,272.57,0.00286, 4.075,-6.214,101613.3,  0.00,251.91
2015-12-28 09:00:00,0.00000000,272.15,0.00271, 3.800,-6.083,101783.9,  0.00,266.76
2015-12-28 10:00:00,0.00000000,271.54,0.00248, 4.046,-6.381,101916.0,  0.00,266.28
2015-12-28 11:00:00,0.00000000,270.91,0.00226, 4.287,-6.672,102047.3,  0.00,265.73
2015-12-28 12:00:00,0.00000000,270.30,0.00204, 4.529,-6.970,102179.1,  0.00,252.40
2015-12-28 13:00:00,0.00000000,270.11,0.00186, 3.635,-7.414,102322.9, 78.02,253.64
2015-12-28 14:00:00,0.00000000,269.91,0.00166, 2.738,-7.847,102471.5,178.69,254.90
2015-12-28 15:00:00,0.00000000,269.72,0.00146, 1.842,-8.284,102615.1,329.49,225.96
2015-12-28 16:00:00,0.00000000,270.02,0.00135, 1.143,-7.719,102701.8,395.12,226.18
2015-12-28 17:00:00,0.00000000,270.32,0.00125, 0.438,-7.150,102786.5,403.57,226.41
2015-12-28 18:00:00,0.00000000,270.62,0.00114,-0.263,-6.582,102872.1,389.59,200.87
2015-12-28 19:00:00,0.00000000,270.53,0.00116,-0.818,-5.621,102907.0,306.74,200.78
2015-12-28 20:00:00,0.00000000,270.44,0.00117,-1.384,-4.662,102941.2,183.15,200.62
2015-12-28 21:00:00,0.00000000,270.36,0.00119,-1.943,-3.701,102973.4, 17.76,221.25
2015-12-28 22:00:00,0.00000000,270.20,0.00128,-2.013,-3.712,103079.0,  0.00,220.82
2015-12-28 23:00:00,0.00000000,270.02,0.00137,-2.082,-3.715,103186.8,  0.00,220.38
2015-12-29 00:00:00,0.00000000,269.86,0.00146,-2.146,-3.727,103292.7,  0.00,246.32
2015-12-29 01:00:00,0.00000000,269.11,0.00163,-2.815,-2.793,103273.6,  0.00,245.35
2015-12-29 02:00:00,0.00000000,268.33,0.00179,-3.488,-1.855,103257.6,  0.00,244.19
2015-12-29 03:00:00,0.00000000,267.57,0.00193,-4.161,-0.919,103244.2,  0.00,280.65
2015-12-29 04:00:00,0.00000000,267.68,0.00197,-4.276,-1.111,103176.1,  0.00,280.02
2015-12-29 05:00:00,0.00022425,267.80,0.00200,-4.404,-1.298,103110.8,  0.00,279.47
2015-12-29 06:00:00,0.00036115,267.91,0.00203,-4.531,-1.492,103041.8,  0.00,287.95
2015-12-29 07:00:00,0.00026273,268.18,0.00220,-5.195,-1.162,102918.2,  0.00,287.31
2015-12-29 08:00:00,0.00032469,268.46,0.00235,-5.864,-0.833,102786.5,  0.00,286.74
2015-12-29 09:00:00,0.00039052,268.74,0.00251,-6.527,-0.511,102661.0,  0.00,288.51
2015-12-29 10:00:00,0.00072275,269.16,0.00259,-7.015, 0.009,102560.9,  0.00,288.01
2015-12-29 11:00:00,0.00145586,269.61,0.00267,-7.496, 0.532,102463.4,  0.00,287.59
2015-12-29 12:00:00,0.00111245,270.04,0.00276,-7.979, 1.054,102362.0,  0.00,289.80
2015-12-29 13:00:00,0.00057734,270.24,0.00280,-8.641, 1.112,102227.6, 31.76,289.56
2015-12-29 14:00:00,0.00080267,270.45,0.00284,-9.292, 1.165,102091.5, 72.99,289.35
2015-12-29 15:00:00,0.00048713,270.67,0.00288,-9.951, 1.224,101956.0, 86.00,292.63
2015-12-29 16:00:00,0.00076864,270.77,0.00294,-9.732, 0.218,101795.6,103.25,292.34
2015-12-29 17:00:00,0.00060133,270.88,0.00300,-9.498,-0.790,101636.6,105.51,292.14
2015-12-29 18:00:00,0.00000000,270.98,0.00306,-9.277,-1.801,101476.9, 92.13,294.91
2015-12-29 19:00:00,0.00000000,270.93,0.00305,-8.664,-2.593,101380.7, 72.66,294.71
2015-12-29 20:00:00,0.00000000,270.87,0.00303,-8.054,-3.383,101287.9, 43.58,294.53
2015-12-29 21:00:00,0.00000000,270.81,0.00301,-7.440,-4.173,101193.6,  5.48,292.49
2015-12-29 22:00:00,0.00000000,266.96,0.00215,-6.945,-4.433,101382.4,  0.00,308.13
2015-12-29 23:00:00,0.00000000,266.97,0.00211,-6.447,-4.692,101410.9,  0.00,308.13
2015-12-30 00:00:00,0.00000000,267.12,0.00214,-5.953,-4.944,101490.6,  0.00,304.61
2015-12-30 01:00:00,0.00000000,267.21,0.00221,-5.184,-4.840,101601.8,  0.00,304.61
2015-12-30 02:00:00,0.00000000,267.66,0.00223,-4.424,-4.724,101669.1,  0.00,304.61
2015-12-30 03:00:00,0.00000000,267.63,0.00226,-3.665,-4.612,101834.9,  0.00,302.56
2015-12-30 04:00:00,0.00000000,267.50,0.00223,-3.329,-4.272,101892.2,  0.00,302.56
2015-12-30 05:00:00,0.00000000,267.52,0.00221,-2.995,-3.924,101947.7,  0.00,302.55
2015-12-30 06:00:00,0.00000000,267.14,0.00212,-2.659,-3.584,101988.6,  0.00,303.09
2015-12-30 07:00:00,0.00000000,267.25,0.00214,-2.795,-2.953,102126.7,  0.00,303.09
2015-12-30 08:00:00,0.00000000,267.15,0.00212,-2.933,-2.323,102199.7,  0.00,303.08
2015-12-30 09:00:00,0.00000000,267.08,0.00214,-3.071,-1.701,102195.9,  0.00,299.99
2015-12-30 10:00:00,0.00000000,267.11,0.00216,-2.852,-1.305,102254.9,  0.00,299.99
2015-12-30 11:00:00,0.00000000,267.02,0.00216,-2.632,-0.914,102278.2,  0.00,300.00
2015-12-30 12:00:00,0.00000000,267.03,0.00218,-2.418,-0.517,102318.4,  0.00,300.28
2015-12-30 13:00:00,0.00000000,267.30,0.00221,-2.423,-0.418,102421.0, 45.66,300.28
2015-12-30 14:00:00,0.00000000,267.70,0.00224,-2.432,-0.316,102403.8,105.30,300.28
2015-12-30 15:00:00,0.00000000,268.46,0.00235,-2.441,-0.212,102468.7,158.73,305.76
2015-12-30 16:00:00,0.00000000,269.16,0.00245,-2.120, 0.121,102331.9,190.65,305.74
2015-12-30 17:00:00,0.00000000,269.89,0.00258,-1.795, 0.448,102216.6,195.05,305.76
2015-12-30 18:00:00,0.00000000,270.29,0.00259,-1.468, 0.784,102172.7,304.82,301.01
2015-12-30 19:00:00,0.00000000,270.49,0.00274,-1.261, 0.889,102129.1,240.86,301.00
2015-12-30 20:00:00,0.00000000,270.64,0.00277,-1.048, 0.980,102131.9,145.23,301.00
2015-12-30 21:00:00,0.00000000,270.70,0.00282,-0.839, 1.084,102096.6, 18.46,287.87
2015-12-30 22:00:00,0.00000000,270.64,0.00285,-1.198, 1.179,102053.8,  0.00,287.87
2015-12-30 23:00:00,0.00000000,270.76,0.00288,-1.560, 1.278,102071.9,  0.00,287.86
