time,APCP_surface,DLWRF_surface,DSWRF_surface,PRES_surface,SPFH_2maboveground,TMP_2maboveground,UGRD_10maboveground,VGRD_10maboveground,precip_rate
2015-12-01 00:00:00,0,327.3317566,0,99317.69531,0.007798944,297.01474,-0.07850121,6.601960659,0
2015-12-01 01:00:00,0,323.7399902,0,99269.47656,0.007584853,295.0209961,0.122811005,7.01059866,0
2015-12-01 02:00:00,0,320.1503296,0,99221.73438,0.007366261,293.026123,0.324934632,7.420013905,0
2015-12-01 03:00:00,0,321.6626892,0,99173.42969,0.007144877,291.0323486,0.527704298,7.829241753,0
2015-12-01 04:00:00,0,321.1212769,0,99134.44531,0.007203539,290.321167,0.461001605,8.023277283,0
2015-12-01 05:00:00,0,320.5758667,0,99095.0625,0.007259708,289.6099854,0.396919906,8.217952728,0
2015-12-01 06:00:00,0,371.015625,0,99055.74219,0.007314268,288.8988037,0.333011001,8.414380074,0.000134048
2015-12-01 07:00:00,0,370.9843445,0,99055.14844,0.007542234,288.8403015,0.683050692,7.893669605,0.000784943
2015-12-01 08:00:00,0,370.960968,0,99054.67969,0.007770666,288.7817078,1.033140182,7.37290287,0.00050615
2015-12-01 09:00:00,0,354.631958,0,99054.01563,0.007999665,288.723175,1.382627726,6.849883556,4.72E-05
2015-12-01 10:00:00,0,354.4769897,0,99064.66406,0.008094933,288.1846619,1.730910778,6.037257671,0
2015-12-01 11:00:00,0,354.3260498,0,99075.42188,0.008189892,287.6461487,2.078341961,5.222289085,0
2015-12-01 12:00:00,0,352.5056763,18.56351471,99086,0.008283531,287.107666,2.426338911,4.408065796,0
2015-12-01 13:00:00,0,356.471283,126.5845947,99128.10156,0.008762058,288.7560425,3.354741096,4.474097252,0
2015-12-01 14:00:00,0,360.4770203,224.7383423,99170.40625,0.009273313,290.4076233,4.281814575,4.538553715,0
2015-12-01 15:00:00,0,384.9944153,170.7889709,99212.53906,0.009814758,292.0559692,5.210260868,4.603827953,0
2015-12-01 16:00:00,0,384.6890869,212.3359985,99216.75,0.009730748,291.9987183,5.629011631,4.001681328,0
2015-12-01 17:00:00,0,384.3837585,239.7468414,99220.53906,0.00964728,291.9430847,6.048510551,3.399408102,0
2015-12-01 18:00:00,0,395.8566284,333.864624,99224.54688,0.009564609,291.8858643,6.46844101,2.797465563,0
2015-12-01 19:00:00,0,399.8093262,311.2743225,99222.75,0.010113427,293.520752,6.009159088,1.999296069,0
2015-12-01 20:00:00,0,403.7711792,268.4322205,99220.92969,0.010687341,295.1567383,5.551816463,1.199989796,0
2015-12-01 21:00:00,0,394.6135559,267.0266724,99219,0.011287118,296.791626,5.092564583,0.399537534,0
2015-12-01 22:00:00,0,391.2239075,169.1740417,99274.95313,0.010888407,295.4183655,4.440667152,0.273760885,0
2015-12-01 23:00:00,0,387.8425293,58.49557877,99330.53906,0.010498819,294.0446167,3.787887096,0.148272783,0
2015-12-02 00:00:00,0,358.7624512,0,99386.48438,0.010120012,292.6713562,3.135769606,0.022028469,0
2015-12-02 01:00:00,0,358.9631958,0,99359.625,0.010117464,292.0154419,2.817987442,0.44817391,0
2015-12-02 02:00:00,0,359.1561279,0,99333,0.010113921,291.358429,2.49725008,0.874348462,0
2015-12-02 03:00:00,0,359.4504395,0,99306.03906,0.010111581,290.7024536,2.180176497,1.299693584,0
2015-12-02 04:00:00,0,359.2611389,0,99303.53125,0.010090568,290.3531799,1.762224317,1.638926864,0
2015-12-02 05:00:00,0,359.0587463,0,99301.20313,0.010068217,290.0042114,1.345603704,1.977241397,0
2015-12-02 06:00:00,0,347.1575012,0,99298.67188,0.010048304,289.6549072,0.928424954,2.317075491,0
2015-12-02 07:00:00,0,347.1539917,0,99270.24219,0.009888207,289.1912231,0.782814085,2.557409763,0
2015-12-02 08:00:00,0,347.1483765,0,99241.82031,0.009728204,288.7275696,0.634736955,2.798154116,0
2015-12-02 09:00:00,0,326.587616,0,99213.28125,0.009568386,288.2638855,0.487317443,3.038173437,0
2015-12-02 10:00:00,0,326.6866455,0,99224.21094,0.009351945,287.7964478,0.114030227,2.973568916,0
2015-12-02 11:00:00,0,326.79422,0,99234.95313,0.009136398,287.3291016,-0.258357495,2.90778017,0
2015-12-02 12:00:00,0,330.1467285,23.66047859,99245.78125,0.008919721,286.8617249,-0.630114913,2.843064308,0
2015-12-02 13:00:00,0,329.8000793,177.0271149,99268.24219,0.009287142,289.5106812,-0.862187326,3.516828537,0
2015-12-02 14:00:00,0,329.4591675,316.335083,99290.6875,0.009652085,292.1612244,-1.094574332,4.190342426,0
2015-12-02 15:00:00,0,362.9412231,438.0747986,99313.02344,0.010016532,294.8100891,-1.326205015,4.863031387,0
2015-12-02 16:00:00,0,362.6188049,545.0169678,99180.92969,0.009673268,296.1328735,-0.699283838,5.402111053,0
2015-12-02 17:00:00,0,362.313446,615.4473877,99048.86719,0.009334475,297.4568481,-0.071311131,5.938766956,0
2015-12-02 18:00:00,0,375.2921143,615.7703247,98916.94531,0.008997319,298.7796631,0.554571867,6.477177143,0
2015-12-02 19:00:00,0,374.9267578,573.8637695,98879.19531,0.008832066,299.1791687,0.427130342,7.051514149,0
2015-12-02 20:00:00,0,374.5636597,493.991394,98841.44531,0.008668435,299.5792542,0.300292432,7.630423069,0
2015-12-02 21:00:00,0,367.2725525,383.4077148,98803.66406,0.008506803,299.9787598,0.171489999,8.206152916,0
2015-12-02 22:00:00,0,367.4649048,241.1083069,98811.95313,0.008627495,298.8704834,0.24953489,7.745121002,0
2015-12-02 23:00:00,0,367.6600037,80.23478699,98820.20313,0.00874883,297.7619934,0.329427779,7.285022736,0
2015-12-03 00:00:00,0,345.7578125,0,98828.60938,0.008871452,296.6537476,0.408403844,6.82468462,0
2015-12-03 01:00:00,0,342.48703,0,98791.61719,0.008699511,293.7680054,0.582625151,6.664932728,0
2015-12-03 02:00:00,0,339.1526184,0,98754.41406,0.008507559,290.8747559,0.756103516,6.504644871,0
2015-12-03 03:00:00,0,369.6561279,0,98717.39063,0.008305294,287.9888611,0.930979848,6.34621048,0.000341323
2015-12-03 04:00:00,0,368.9913635,0,98679.70313,0.008491887,287.6378174,1.201538324,6.515946865,0.000478974
2015-12-03 05:00:00,0,368.3088379,0,98642.32813,0.008676164,287.2855225,1.47097981,6.684512615,0.001613002
2015-12-03 06:00:00,0,371.69104,0,98604.71094,0.008862736,286.9344788,1.740565896,6.853742123,0.001076255
2015-12-03 07:00:00,0,372.5140381,0,98605.75,0.009200573,287.5891418,2.196175814,5.254642487,0.000549934
2015-12-03 08:00:00,0,373.3338013,0,98606.70313,0.009543946,288.2434998,2.650489569,3.655776739,4.19E-05
2015-12-03 09:00:00,0,352.1335754,0,98607.74219,0.009893669,288.8981628,3.104050159,2.057684183,1.71E-07
2015-12-03 10:00:00,0,350.9325256,0,98725.04688,0.009529544,288.006897,2.965598345,0.951781571,0
2015-12-03 11:00:00,0,349.7255249,0,98842.71094,0.009172106,287.1152344,2.827824593,-0.153716028,0
2015-12-03 12:00:00,0,306.2431946,21.42279243,98960.22656,0.008822598,286.223938,2.689685345,-1.259973049,0
2015-12-03 13:00:00,0,309.7713318,177.8414917,98918.94531,0.008915775,288.083374,2.599376202,-1.914408684,0
2015-12-03 14:00:00,0,313.3049316,319.8597717,98877.71094,0.008983688,289.943634,2.509763002,-2.569878578,0
2015-12-03 15:00:00,0,323.7153015,468.5745239,98836.5625,0.009024316,291.8030701,2.419511795,-3.225523472,0
2015-12-03 16:00:00,0,328.1491394,583.4188843,98927.53125,0.008946654,294.0201721,2.02290988,-2.866946459,0
2015-12-03 17:00:00,0,332.5926819,658.8955688,99018.55469,0.008810054,296.2389526,1.625934482,-2.508369684,0
2015-12-03 18:00:00,0,345.947113,673.3465576,99109.61719,0.008609258,298.4560852,1.229589105,-2.150317192,0
2015-12-03 19:00:00,0,346.5375061,627.0385742,99057.30469,0.008383836,298.8730774,0.585149467,-1.968003392,0
2015-12-03 20:00:00,0,347.1247559,538.9216309,99005.1875,0.008153757,299.2907715,-0.058772184,-1.785677075,0
2015-12-03 21:00:00,0,336.9795532,403.1052246,98952.92188,0.007919296,299.7077637,-0.70345521,-1.603551149,0
2015-12-03 22:00:00,0,336.6264343,251.5918274,98982.00781,0.007886936,298.5547485,-0.571817577,-1.280493617,0
2015-12-03 23:00:00,0,336.270752,80.37936401,99011.00781,0.007854799,297.4008484,-0.442106873,-0.957573175,0
2015-12-04 00:00:00,0,303.5297852,0,99040.01563,0.007823867,296.2477722,-0.311591119,-0.634518385,0
2015-12-04 01:00:00,0,300.8698425,0,99000.57813,0.007402543,294.1845703,-0.818070114,-0.899855435,0
2015-12-04 02:00:00,0,298.2008667,0,98960.84375,0.006995211,292.1199646,-1.326170087,-1.165301561,0
2015-12-04 03:00:00,0,295.0578308,0,98921.46875,0.006602364,290.0567627,-1.833652139,-1.43019104,0
2015-12-04 04:00:00,0,292.8196411,0,99008.66406,0.006408022,288.7182617,-2.069063187,-0.546614587,0
2015-12-04 05:00:00,0,290.5771484,0,99096.10938,0.006215311,287.3786011,-2.304641008,0.336325973,0
2015-12-04 06:00:00,0,290.5737305,0,99183.08594,0.00602509,286.0400391,-2.541408777,1.218918681,0
2015-12-04 07:00:00,0,290.1334839,0,99179.78906,0.006079106,285.4305115,-2.487947464,1.377465248,0
2015-12-04 08:00:00,0,289.6832886,0,99176.54688,0.006130809,284.8208313,-2.435989618,1.536022544,0
2015-12-04 09:00:00,0,295.8693848,0,99173.24219,0.006181634,284.2112732,-2.382899761,1.69431293,0
2015-12-04 10:00:00,0,296.1754456,0,99235.85156,0.006305246,284.1231689,-2.21111846,1.768276453,0
2015-12-04 11:00:00,0,296.4844971,0,99298.38281,0.00643001,284.0344849,-2.042256594,1.844653487,0
2015-12-04 12:00:00,0,325.1877747,17.4425869,99360.80469,0.006557039,283.9463196,-1.870223165,1.919572473,0
2015-12-04 13:00:00,0,326.5444641,163.7360535,99340.92969,0.007477433,287.1670227,-1.727968693,1.832286,0
2015-12-04 14:00:00,0,327.9543762,296.5117493,99320.89063,0.008436216,290.4039612,-1.582611322,1.746113181,0
2015-12-04 15:00:00,0,386.5539246,421.4849854,99300.89844,0.009414389,293.6246033,-1.438536406,1.658375382,0
2015-12-04 16:00:00,0,387.4381714,525.2159424,99271.72656,0.010153409,295.8495483,-0.888261676,2.269524574,0
2015-12-04 17:00:00,0,388.3225098,593.2293701,99242.75,0.010905821,298.0769958,-0.336842179,2.87906456,0
2015-12-04 18:00:00,0,410.0863953,594.4219971,99213.55469,0.011668635,300.3019409,0.215150565,3.487436533,0
2015-12-04 19:00:00,0,410.3529053,553.0308228,99142.14844,0.011872344,300.710022,-0.307695627,3.73530674,0
2015-12-04 20:00:00,0,410.6271362,474.583374,99070.57031,0.012078141,301.1192932,-0.830934048,3.982618332,0
2015-12-04 21:00:00,0,420.9031982,331.7592163,98999.03906,0.012283145,301.5273132,-1.353237391,4.229416847,0
2015-12-04 22:00:00,0,421.0431824,205.491684,99094.9375,0.012530377,300.3384094,-1.058878183,3.912469864,0
2015-12-04 23:00:00,0,421.1781311,62.85868073,99190.42969,0.012777735,299.1486511,-0.765518963,3.594177723,0
2015-12-05 00:00:00,0,372.1897278,0,99286.14844,0.013027494,297.9597473,-0.471213371,3.276483536,0
2015-12-05 01:00:00,0,366.2886658,0,99260.67969,0.011847212,295.5764771,-0.474326193,3.362917185,0
2015-12-05 02:00:00,0,360.3930664,0,99235.1875,0.010747063,293.1900635,-0.477485061,3.452638626,0
2015-12-05 03:00:00,0,335.8448792,0,99209.78125,0.009729126,290.8068237,-0.481402874,3.541007757,0
2015-12-05 04:00:00,0,334.6343689,0,99245.74219,0.009537934,289.8623352,-0.517663598,3.483228683,0
2015-12-05 05:00:00,0,333.4206238,0,99281.39063,0.009348729,288.916626,-0.551954269,3.42562151,0
2015-12-05 06:00:00,0,330.9490356,0,99317.17969,0.009161357,287.972168,-0.588568509,3.367342472,0
2015-12-05 07:00:00,0,330.4952087,0,99342.47656,0.009035845,287.4822083,-0.933306396,3.137191296,0
2015-12-05 08:00:00,0,330.0402832,0,99367.85938,0.008911748,286.9915466,-1.279093146,2.907731056,0
2015-12-05 09:00:00,0,337.3796082,0,99393.15625,0.008788535,286.5015259,-1.625140309,2.676819801,0
2015-12-05 10:00:00,0,338.7582703,0,99444.94531,0.008939471,286.7525024,-1.722821832,2.516199589,0
2015-12-05 11:00:00,0,340.1417236,0,99496.94531,0.009092715,287.0026855,-1.820016026,2.357932329,0
2015-12-05 12:00:00,0,378.692627,10.32302094,99548.78125,0.009247847,287.2537231,-1.918094754,2.196399927,0
2015-12-05 13:00:00,0,384.1167908,110.1043701,99546.71875,0.01031091,290.3748474,-1.968346596,2.429639101,0
2015-12-05 14:00:00,0,389.6011658,200.6172485,99545.01563,0.011461549,293.5109253,-2.014885902,2.663364887,4.49E-05
2015-12-05 15:00:00,0,421.0120544,261.6629639,99543.03906,0.012683411,296.631958,-2.063396215,2.897634506,1.01E-06
2015-12-05 16:00:00,0,424.270874,326.1841125,99491.73438,0.013205035,298.5010681,-1.565325618,3.554485559,0
2015-12-05 17:00:00,0,427.5417175,368.5067139,99440.50781,0.013741114,300.3732605,-1.066013336,4.210768223,0
2015-12-05 18:00:00,0,445.765564,300.4853516,99389.17969,0.014287111,302.2423401,-0.566570401,4.867492676,0
2015-12-05 19:00:00,0,446.6758118,279.4785156,99331.80469,0.014337608,302.576355,-0.584164619,4.922911167,0
2015-12-05 20:00:00,0,447.6070862,239.4026489,99275.03125,0.01438985,302.9120789,-0.601280689,4.979013443,0
2015-12-05 21:00:00,0,441.5278931,190.8405762,99217.80469,0.014438792,303.2460938,-0.619307041,5.035580635,0
2015-12-05 22:00:00,0,440.2745361,117.2387314,99240.21875,0.014424727,302.0217285,-0.561777115,4.440007687,0
2015-12-05 23:00:00,0,439.0087585,34.14711761,99262.78906,0.014405722,300.7973022,-0.505259156,3.84330678,0
2015-12-06 00:00:00,0,420.8809814,0,99285.38281,0.014382465,299.5729675,-0.448270559,3.248941898,0
2015-12-06 01:00:00,0,415.3387146,0,99265.07031,0.013477819,298.1046448,-0.521769285,3.263276815,0
2015-12-06 02:00:00,0,409.7998657,0,99244.63281,0.012614568,296.6330261,-0.594714463,3.27551198,0
2015-12-06 03:00:00,0,405.1087341,0,99224.33594,0.011801394,295.1646729,-0.666427493,3.289566517,0
2015-12-06 04:00:00,0,404.3162537,0,99198.25781,0.011766786,294.6877747,-0.49737069,3.392994642,0
2015-12-06 05:00:00,0,403.5136719,0,99171.96875,0.011730355,294.2107849,-0.324470997,3.495717049,0
2015-12-06 06:00:00,0,400.9571533,0,99145.6875,0.011694965,293.7338867,-0.153371289,3.600196838,0
2015-12-06 07:00:00,0,400.2996826,0,99164.58594,0.011659718,293.2907104,-0.124326736,3.360245466,0
2015-12-06 08:00:00,0,399.6634827,0,99183.53906,0.011626734,292.8484497,-0.095387496,3.121628284,0
2015-12-06 09:00:00,0,393.8098145,0,99202.21875,0.011591382,292.4052124,-0.065118633,2.882097244,0
2015-12-06 10:00:00,0,393.7227783,0,99256.42969,0.011589249,292.1750183,0.021119453,2.879193068,0
2015-12-06 11:00:00,0,393.6333313,0,99310.78906,0.01158664,291.9438782,0.106508508,2.875850916,0
2015-12-06 12:00:00,0,399.1703186,6.52660656,99365.10156,0.011582962,291.7136841,0.195489377,2.871609688,0
2015-12-06 13:00:00,0,407.4480591,86.29821777,99352.47656,0.012918144,294.5857849,0.45192647,3.070279837,0
2015-12-06 14:00:00,0,415.8088074,158.6495667,99339.96094,0.014374922,297.4638672,0.708773375,3.267608643,0
2015-12-06 15:00:00,0,448.1119385,163.433548,99327.27344,0.015948433,300.3359375,0.96620506,3.465301514,0
2015-12-06 16:00:00,0,452.1302795,203.9932404,99309.71094,0.016690256,301.6073303,1.183669209,3.781731606,0
2015-12-06 17:00:00,0,456.1716614,230.4072571,99292.16406,0.017460378,302.8797302,1.400760651,4.096459866,0
2015-12-06 18:00:00,0,462.1938477,227.8521118,99274.83594,0.018258411,304.1511536,1.616676211,4.410639763,0
2015-12-06 19:00:00,0,462.1059265,211.6631622,99248.875,0.018358625,304.100769,1.360540986,4.452094555,0
2015-12-06 20:00:00,0,462.0456238,181.0513458,99223.03906,0.018463574,304.0506592,1.103980899,4.492659092,0
2015-12-06 21:00:00,0,455.5343323,146.9955597,99197.39063,0.018565875,304.0002441,0.847514927,4.532529831,0
2015-12-06 22:00:00,0,452.3058472,89.59954071,99227.15625,0.018051283,302.7660828,0.651944697,3.97550559,0
2015-12-06 23:00:00,0,449.1059265,24.82415009,99256.71094,0.017548351,301.5331726,0.455025911,3.41800499,0
2015-12-07 00:00:00,0,428.6987305,0,99286.44531,0.01704853,300.2990417,0.259904146,2.860516071,0
2015-12-07 01:00:00,0,426.8249817,0,99240.50781,0.016410226,299.5714417,0.037691761,2.862825155,0
2015-12-07 02:00:00,0,424.9476624,0,99194.64844,0.015787395,298.8439636,-0.184424594,2.865236998,0
2015-12-07 03:00:00,0,402.9500122,0,99148.6875,0.015180843,298.1163635,-0.408555269,2.87024188,0
2015-12-07 04:00:00,0,398.3599854,0,99140.92188,0.014272454,296.6437073,-0.384519368,3.004853725,0
2015-12-07 05:00:00,0,393.7733459,0,99133.47656,0.013404244,295.168396,-0.360401154,3.142786026,0
2015-12-07 06:00:00,0,366.4593506,0,99125.98438,0.012581225,293.6957092,-0.337661982,3.278425932,0
2015-12-07 07:00:00,0,365.442749,0,99147.14844,0.012285143,293.040802,-0.426996976,3.300181389,0
2015-12-07 08:00:00,0,364.4295349,0,99167.60938,0.011993888,292.3855896,-0.514962614,3.320479155,0
2015-12-07 09:00:00,0,372.0259399,0,99188.6875,0.011706452,291.7306824,-0.603513122,3.340727806,0
2015-12-07 10:00:00,0,371.6546631,0,99194.53125,0.011539037,291.4827881,-0.701694012,3.01245451,0
2015-12-07 11:00:00,0,371.2632141,0,99200.35156,0.011370373,291.2349548,-0.80120337,2.68683672,0
2015-12-07 12:00:00,0,393.7563477,8.212441444,99206.26563,0.011204311,290.9871521,-0.901223302,2.359960556,0
2015-12-07 13:00:00,0,396.8187256,128.9585419,99210.09375,0.011797716,293.7018738,-0.67257154,2.450896263,0
2015-12-07 14:00:00,0,399.8673706,238.4037476,99213.63281,0.012406064,296.4196777,-0.444341242,2.543424129,0
2015-12-07 15:00:00,0,441.3997803,309.4104004,99217.13281,0.01302559,299.1343994,-0.216926649,2.635200739,0
2015-12-07 16:00:00,0,443.1861572,386.493988,99254.41406,0.013077866,300.5518188,0.470837057,2.357288837,0
2015-12-07 17:00:00,0,444.9868774,436.8004761,99291.64844,0.013126687,301.9719238,1.156306624,2.077933788,0
2015-12-07 18:00:00,0,456.5749512,455.8569031,99328.85156,0.013166175,303.3893433,1.84295392,1.798262954,0
2015-12-07 19:00:00,0,457.2434387,423.153656,99204.375,0.013208368,303.8461914,0.728392363,2.16030407,0
2015-12-07 20:00:00,0,457.9151306,361.4233704,99079.80469,0.013250799,304.3041687,-0.385944963,2.522974968,0
2015-12-07 21:00:00,0,449.8831787,280.8802795,98955.11719,0.013291092,304.7609863,-1.501077294,2.886054754,0
2015-12-07 22:00:00,0,449.446167,169.7404022,99024.0625,0.013359216,303.7740784,-1.142767906,2.64455986,0
2015-12-07 23:00:00,0,448.9828186,44.37990952,99093.10156,0.013422952,302.7859192,-0.780960321,2.40567708,0
2015-12-08 00:00:00,0,404.8482666,0,99162.24219,0.013485839,301.7989807,-0.424171329,2.164763927,0
2015-12-08 01:00:00,0,404.251709,0,99104.42188,0.013087489,300.5386047,-0.147836521,2.516934633,0
2015-12-08 02:00:00,0,403.637085,0,99046.77344,0.012690695,299.2755432,0.127729088,2.866955042,0
2015-12-08 03:00:00,0,364.2882996,0,98989.0625,0.012298194,298.0151978,0.403609991,3.219611406,0
2015-12-08 04:00:00,0,363.7032166,0,98969.39063,0.012172696,296.881073,0.21050173,3.246009588,0
2015-12-08 05:00:00,0,363.1116333,0,98949.79688,0.012046572,295.7455139,0.018621491,3.27210021,0
2015-12-08 06:00:00,0,356.0213623,0,98929.9375,0.011920034,294.6113892,-0.173972741,3.297243357,0
2015-12-08 07:00:00,0,355.626709,0,98958.96875,0.011798707,293.8667908,-0.140319154,3.25951314,0
2015-12-08 08:00:00,0,355.2283325,0,98988.04688,0.011676686,293.1200562,-0.10713429,3.220941544,0
2015-12-08 09:00:00,0,351.1483459,0,99017.25781,0.01155701,292.3754883,-0.074533127,3.182509422,0
2015-12-08 10:00:00,0,349.6664734,0,99005.89063,0.011265331,291.6218567,-0.06581264,3.134531498,0
2015-12-08 11:00:00,0,348.1777039,0,98994.50781,0.010978795,290.8676453,-0.058143742,3.085757494,0
2015-12-08 12:00:00,0,355.1617126,7.339950085,98982.85156,0.01069815,290.1140137,-0.048783287,3.035894156,0
2015-12-08 13:00:00,0,356.7026672,156.6149292,98979.16406,0.011092967,293.0313721,0.719239771,3.170005322,0
2015-12-08 14:00:00,0,358.2527466,291.8830261,98975.46875,0.011496725,295.9533386,1.490020514,3.300735712,2.41E-08
2015-12-08 15:00:00,0,397.0028687,434.6745911,98971.6875,0.011901289,298.8704224,2.258577585,3.43270731,0
2015-12-08 16:00:00,0,398.4579773,543.4344482,98963.52344,0.011827189,300.5910645,3.140718937,3.788579226,0
2015-12-08 17:00:00,0,399.9282227,614.2388306,98955.50781,0.011747364,302.317627,4.025040627,4.144339561,0
2015-12-08 18:00:00,0,417.5686035,597.1088867,98947.10938,0.011654046,304.038269,4.908960819,4.499148846,0
2015-12-08 19:00:00,0,417.4479675,553.8776855,98838.14063,0.011696634,304.0936584,4.978456974,3.777836561,0
2015-12-08 20:00:00,0,417.3499756,472.2433777,98729.21094,0.011741773,304.1517029,5.048924446,3.056242704,0
2015-12-08 21:00:00,0,429.9085388,269.5661011,98620.5,0.011785099,304.2078552,5.120063305,2.331677914,0
2015-12-08 22:00:00,0,430.1939392,161.4675903,98674.45313,0.011960166,302.7792358,5.058161736,1.290911436,0
2015-12-08 23:00:00,0,430.4882507,39.59210968,98728.28125,0.012137603,301.349762,4.994048595,0.247225747,4.02E-07
2015-12-09 00:00:00,0,404.6927185,0,98782.35156,0.012317234,299.9211121,4.932236195,-0.796439886,3.07E-06
2015-12-09 01:00:00,0,404.4752808,0,98831.50781,0.012073692,298.7374573,4.91093111,-1.442422509,0.000511657
2015-12-09 02:00:00,0,404.2483521,0,98880.79688,0.011830705,297.5509338,4.887743473,-2.08924675,0.000359885
2015-12-09 03:00:00,0,386.4731445,0,98930.25781,0.011590413,296.3672791,4.863905907,-2.734394789,0.000464461
2015-12-09 04:00:00,0,385.6365356,0,98963.35938,0.010761796,294.8028564,4.267848969,-3.103378534,0.000490526
2015-12-09 05:00:00,0,384.7935486,0,98996.67188,0.009946326,293.2377625,3.670797586,-3.471355677,0.000253913
2015-12-09 06:00:00,0,330.2722473,0,99029.89063,0.009143957,291.6734314,3.074092388,-3.83937645,1.92E-05
2015-12-09 07:00:00,0,329.4211731,0,99042.47656,0.008742934,290.2019653,2.682840109,-3.307775259,4.39E-06
2015-12-09 08:00:00,0,328.5549011,0,99054.95313,0.008347647,288.730011,2.290960073,-2.775718927,4.08E-06
2015-12-09 09:00:00,0,287.6912231,0,99067.45313,0.007959994,287.2587891,1.899958372,-2.244613647,7.46E-06
2015-12-09 10:00:00,0,286.1850891,0,99077.1875,0.007545725,286.0760193,2.04026556,-1.780964255,8.49E-06
2015-12-09 11:00:00,0,284.6781006,0,99087,0.007144333,284.8933716,2.179181576,-1.319457173,1.58E-07
2015-12-09 12:00:00,0,279.2048645,4.925352573,99096.65625,0.006755835,283.7106628,2.320425034,-0.857147157,0
2015-12-09 13:00:00,0,282.9833679,162.1564941,99146.5625,0.007201509,286.6549072,2.514598131,-0.410226762,0
2015-12-09 14:00:00,0,286.7723999,304.5742188,99196.34375,0.007661209,289.6040649,2.708961248,0.037618965,0
2015-12-09 15:00:00,0,325.21698,447.2423096,99246.17969,0.008128252,292.5466003,2.903121233,0.483157873,0
2015-12-09 16:00:00,0,329.0422974,559.6503296,99175.59375,0.007883852,295.1136475,4.088143349,0.21445404,0
2015-12-09 17:00:00,0,332.8699646,632.6935425,99104.91406,0.007577163,297.6839294,5.273382664,-0.055634227,0
2015-12-09 18:00:00,0,350.1741028,642.5370483,99034.35156,0.00720251,300.2510071,6.458285809,-0.325645,0
2015-12-09 19:00:00,0,350.3110352,595.4268188,98908.25,0.007134313,300.6121216,7.053527832,-0.493776858,0
2015-12-09 20:00:00,0,350.4630432,506.8866577,98782.25781,0.007067246,300.9763794,7.647264004,-0.66032815,0
2015-12-09 21:00:00,0,338.4909363,367.6983948,98655.97656,0.006998476,301.3375549,8.242042542,-0.826867461,0
2015-12-09 22:00:00,0,337.7976074,218.4213715,98699.83594,0.007101259,299.3753052,7.13654232,-1.009144545,0
2015-12-09 23:00:00,0,337.1063843,50.16054535,98743.64844,0.007201275,297.4122314,6.029083252,-1.18941164,0
2015-12-10 00:00:00,0,306.4556885,0,98787.32031,0.007296727,295.4499817,4.919803619,-1.370235801,0
2015-12-10 01:00:00,0,305.7135925,0,98747.33594,0.007104073,293.9522705,4.96754837,-2.223965883,0
2015-12-10 02:00:00,0,304.9499512,0,98707.375,0.006911256,292.4520874,5.014474392,-3.075285196,0
2015-12-10 03:00:00,0,286.6178894,0,98667.13281,0.006721391,290.9543762,5.05949688,-3.928995609,0
2015-12-10 04:00:00,0,285.3203735,0,98780.03125,0.006519349,289.2470093,4.729626179,-4.1218853,0
2015-12-10 05:00:00,0,283.9971008,0,98892.61719,0.00631787,287.5384521,4.40087986,-4.313063145,0
2015-12-10 06:00:00,0,267.3920288,0,99005.25,0.006119908,285.8310547,4.071381092,-4.505960464,0
2015-12-10 07:00:00,0,266.7825623,0,98950.61719,0.005880121,284.5702209,4.016849041,-4.070170403,0
2015-12-10 08:00:00,0,266.180603,0,98895.9375,0.005644404,283.3092041,3.962026119,-3.634166718,0
2015-12-10 09:00:00,0,258.1940002,0,98841.5,0.005411646,282.048584,3.907966137,-3.198073149,0
2015-12-10 10:00:00,0,257.7034607,0,98846.08594,0.005200596,281.2193298,3.87398839,-3.167140484,0
2015-12-10 11:00:00,0,257.2077332,0,98850.66406,0.004992251,280.3900146,3.841780186,-3.136579275,0
2015-12-10 12:00:00,0,298.8972778,1.734432578,98855.51563,0.004787402,279.560791,3.80796814,-3.106464386,0
2015-12-10 13:00:00,0,300.6961365,114.9773636,98820.71094,0.004748156,280.7974243,4.210621357,-3.943135262,0
2015-12-10 14:00:00,0,302.4956055,217.6931915,98786.17969,0.004700418,282.0335388,4.61277771,-4.778619766,0
2015-12-10 15:00:00,0,344.8714294,218.1470795,98751.32031,0.004643753,283.2701416,5.014221668,-5.615975857,0
2015-12-10 16:00:00,0,351.1120911,273.2485657,98818.15625,0.005041392,284.9565125,4.991972923,-5.349697113,0
2015-12-10 17:00:00,0,357.4229736,309.004364,98884.82813,0.005466644,286.6437683,4.972425938,-5.084750652,0
2015-12-10 18:00:00,0,362.9987793,367.8238831,98951.50781,0.005919486,288.3301086,4.950867653,-4.818123817,0
2015-12-10 19:00:00,0,365.4190979,340.5426941,98876.1875,0.006131381,289.3033752,5.009236336,-4.560987473,0
2015-12-10 20:00:00,0,367.852478,289.4484863,98800.74219,0.006349705,290.2775574,5.066580296,-4.303471088,0
2015-12-10 21:00:00,0,367.7118835,264.1819153,98725.42188,0.006573748,291.2515869,5.124403477,-4.045312405,0
2015-12-10 22:00:00,0,362.2602844,155.5233002,98757.40625,0.006320149,289.8992615,5.230643272,-3.920897722,0
2015-12-10 23:00:00,0,356.8565369,33.09719086,98789.46094,0.006066501,288.546814,5.335658073,-3.794462919,0
2015-12-11 00:00:00,0,355.59021,0,98821.38281,0.00581377,287.1945496,5.441419125,-3.66877079,0
2015-12-11 01:00:00,0,351.9849854,0,98801.76563,0.005741666,286.1838074,5.56278944,-3.944679022,0
2015-12-11 02:00:00,0,348.3953247,0,98782.28906,0.005660881,285.1707458,5.683129787,-4.220030308,0
2015-12-11 03:00:00,0,343.5473022,0,98762.77344,0.005573509,284.1600037,5.805700302,-4.495574474,0
2015-12-11 04:00:00,0,340.5858154,0,98782.59375,0.005528965,283.3401794,5.34417057,-4.72016716,0
2015-12-11 05:00:00,0,337.6210327,0,98802.32813,0.005476241,282.5186157,4.884358406,-4.942398071,0
2015-12-11 06:00:00,0,316.0760193,0,98822.04688,0.005418175,281.698761,4.423768997,-5.167015553,0
2015-12-11 07:00:00,0,315.5976257,0,98843.01563,0.005434851,281.370636,4.295327187,-4.728826523,0
2015-12-11 08:00:00,0,315.1058655,0,98864.125,0.005449769,281.040741,4.168876648,-4.291110039,0
2015-12-11 09:00:00,0,312.868103,0,98885.49219,0.005464946,280.7125854,4.040442467,-3.853076935,0
2015-12-11 10:00:00,0,312.3568115,0,98896.53125,0.005436815,280.4114685,3.783949614,-3.731971264,0
2015-12-11 11:00:00,0,311.8499756,0,98907.55469,0.005408853,280.1108704,3.528726101,-3.609847069,0
2015-12-11 12:00:00,0,315.5852356,0.408616632,98918.53906,0.005380624,279.8097839,3.271493435,-3.487538099,0
2015-12-11 13:00:00,0,315.1917114,105.3121033,98870.60156,0.005402989,280.9108276,3.361742735,-4.215970993,0
2015-12-11 14:00:00,0,314.7922668,201.3074188,98822.75,0.005425083,282.0122986,3.452413559,-4.941905499,0
2015-12-11 15:00:00,0,336.6529846,288.264801,98774.63281,0.005448146,283.1134033,3.541107893,-5.668983936,0
2015-12-11 16:00:00,0,336.4081116,361.4459839,98884.71094,0.005563237,284.2254333,2.560396671,-5.586160183,0
2015-12-11 17:00:00,0,336.1895752,408.8399963,98994.53906,0.005679591,285.3419189,1.578947544,-5.50232172,0
2015-12-11 18:00:00,0,333.4424133,498.8424377,99104.71875,0.005794402,286.453949,0.595871031,-5.420145035,0
2015-12-11 19:00:00,0,333.1839905,461.5513306,99028.08594,0.005735477,286.8904114,0.649962485,-5.536747456,0
2015-12-11 20:00:00,0,332.9311523,391.6498413,98951.76563,0.005677234,287.3295593,0.703882277,-5.652842999,0
2015-12-11 21:00:00,0,336.726532,271.7763062,98875.36719,0.005619491,287.7659912,0.758737862,-5.768314838,0
2015-12-11 22:00:00,0,336.059021,158.4710693,98856.6875,0.005639977,286.7178955,0.656312406,-4.959330082,0
2015-12-11 23:00:00,0,335.3826294,30.85960388,98838.17969,0.005658573,285.6697083,0.55688566,-4.150527954,0
2015-12-12 00:00:00,0,332.8214417,0,98819.52344,0.005675676,284.6215515,0.45637235,-3.340626001,0
2015-12-12 01:00:00,0,331.270874,0,98857.45313,0.005544926,283.6239929,0.190593556,-3.440309286,0
2015-12-12 02:00:00,0,329.7152405,0,98895.28906,0.005415372,282.6240234,-0.073283508,-3.538271189,0
2015-12-12 03:00:00,0,326.1714783,0,98933.14844,0.005287987,281.6265259,-0.338226587,-3.637343168,0
2015-12-12 04:00:00,0,325.5741272,0,98951.83594,0.005317948,281.0979309,-0.288738281,-3.27757144,0
2015-12-12 05:00:00,0,324.9805298,0,98970.625,0.005347113,280.5678101,-0.238217503,-2.917785645,0
2015-12-12 06:00:00,0,316.8052979,0,98989.42969,0.005374872,280.0394897,-0.188731879,-2.559087515,0
2015-12-12 07:00:00,0,316.3210449,0,98967.57031,0.005366548,279.6644592,-0.087399594,-2.07418251,0
2015-12-12 08:00:00,0,315.8475342,0,98945.875,0.005358513,279.2900391,0.01673075,-1.586669564,0
2015-12-12 09:00:00,0,317.4620972,0,98924.49219,0.005348967,278.914978,0.118813194,-1.099927306,0
2015-12-12 10:00:00,0,317.1104126,0,98974.60938,0.005289755,278.8201599,0.35917747,-1.029470801,0
2015-12-12 11:00:00,0,316.7442627,0,99024.92188,0.005229859,278.7236328,0.597827971,-0.957597733,0
2015-12-12 12:00:00,0,326.8113403,0.018831659,99075.33594,0.005171131,278.6288757,0.837652564,-0.885408103,0
2015-12-12 13:00:00,0,329.4274902,96.21038818,99025.58594,0.005154985,279.8160706,0.964304507,-1.493365526,0
2015-12-12 14:00:00,0,332.0508118,185.3408051,98975.84375,0.00512725,281.0028076,1.091187119,-2.102428436,0
2015-12-12 15:00:00,0,345.2651062,255.321701,98925.98438,0.005088457,282.190033,1.216722012,-2.711380959,0
2015-12-12 16:00:00,0,347.4620667,320.3956909,98968.75781,0.005045532,283.1129456,1.342549324,-2.281243801,0
2015-12-12 17:00:00,0,349.7007446,362.4673767,99011.92188,0.004996303,284.0421143,1.466321945,-1.851007462,0
2015-12-12 18:00:00,0,356.1820679,324.6764221,99054.9375,0.004935645,284.9663696,1.59016633,-1.419959068,0
2015-12-12 19:00:00,0,357.3141785,300.1374512,98944.35156,0.004999897,285.4025269,1.466253877,-1.874567986,0
2015-12-12 20:00:00,0,358.4708862,254.267395,98833.99219,0.005066304,285.8417358,1.343236327,-2.328715801,0
2015-12-12 21:00:00,0,354.6681824,206.1631622,98723.51563,0.005131874,286.2778931,1.217780352,-2.78353858,0
2015-12-12 22:00:00,0,351.2413635,119.1212387,98812.79688,0.00495076,285.1408691,1.048214793,-2.4946208,0
2015-12-12 23:00:00,0,347.8319092,21.11873627,98902.32031,0.004773276,284.0032654,0.877629578,-2.204483986,0
2015-12-13 00:00:00,0,330.4706421,0,98991.625,0.004599633,282.8662415,0.704518795,-1.916855454,0
2015-12-13 01:00:00,0,329.9948425,0,98935.17969,0.004623524,282.4044189,0.577198029,-1.591885924,0
2015-12-13 02:00:00,0,329.4966431,0,98878.67969,0.004645588,281.9364014,0.450317472,-1.269468546,0
2015-12-13 03:00:00,0,323.9345093,0,98822.38281,0.004669895,281.4745789,0.323816091,-0.946946681,0
2015-12-13 04:00:00,0,323.28125,0,98871.24219,0.004623635,281.0739746,0.078788809,-0.680142403,0
2015-12-13 05:00:00,0,322.635376,0,98920.35156,0.004579172,280.67276,-0.170418471,-0.41396594,0
2015-12-13 06:00:00,0,313.3772278,0,98969.20313,0.004535221,280.2721558,-0.416453123,-0.146379232,0
2015-12-13 07:00:00,0,313.0690002,0,99021.58594,0.004519616,280.0144348,-0.46743679,0.195163473,0
2015-12-13 08:00:00,0,312.7587585,0,99073.54688,0.00450398,279.7556458,-0.519008994,0.53749305,0
2015-12-13 09:00:00,0,313.684021,0,99125.92188,0.004489184,279.4979553,-0.569414556,0.881193817,0
2015-12-13 10:00:00,0,313.5566711,0,99112.71094,0.004487019,279.3634644,-0.668733656,0.723817348,0
2015-12-13 11:00:00,0,313.4215698,0,99099.375,0.004484469,279.2301636,-0.767485082,0.566977978,0
2015-12-13 12:00:00,0,322.4327087,0,99086.10156,0.004482993,279.0960999,-0.86559546,0.407774121,0
2015-12-13 13:00:00,0,323.6307983,97.82366943,99080.03125,0.004549354,280.7177124,-0.726022124,0.720523715,0
2015-12-13 14:00:00,0,324.8517151,190.050293,99073.76563,0.004622799,282.3412476,-0.581875622,1.032872081,0
2015-12-13 15:00:00,0,349.1193542,209.9148102,99067.60156,0.004702654,283.9627991,-0.440958947,1.343283892,0
2015-12-13 16:00:00,0,349.4481506,263.6427917,99102.20313,0.004687679,284.699646,0.453412652,1.76878047,0
2015-12-13 17:00:00,0,349.8212891,298.2727356,99136.99219,0.004676777,285.4433594,1.35037744,2.194573879,0
2015-12-13 18:00:00,0,360.4745178,209.8477478,99171.71875,0.00466501,286.1802063,2.246907473,2.620259762,0
2015-12-13 19:00:00,0,359.7743835,193.8994446,99101.79688,0.004765293,285.9208374,2.255914927,2.373397112,0
2015-12-13 20:00:00,0,359.0987854,163.9462891,99031.85156,0.004864891,285.6638184,2.263800859,2.126418829,0
2015-12-13 21:00:00,0,357.8874512,104.3318634,98962.17969,0.004961868,285.4044189,2.272803068,1.878761172,0
2015-12-13 22:00:00,0,359.605011,59.69264603,98915.26563,0.005237201,285.4457092,1.51786077,2.047312498,0
2015-12-13 23:00:00,0,361.3375549,9.447229385,98868.60156,0.005523506,285.48703,0.760282516,2.218106031,0
2015-12-14 00:00:00,0,358.4271851,0,98821.85156,0.005821289,285.5283508,0.00587106,2.387335777,0
2015-12-14 01:00:00,0,353.6583862,0,98909.63281,0.005360708,284.5288391,-0.455016702,1.871558785,0
2015-12-14 02:00:00,0,348.9325867,0,98997.47656,0.004940188,283.5249329,-0.917468071,1.355383992,0
2015-12-14 03:00:00,0,343.0204773,0,99085.10156,0.004558444,282.5257568,-1.376856089,0.838443875,0
2015-12-14 04:00:00,0,342.548584,0,99066.91406,0.0045359,282.2557983,-1.499989867,1.060371041,0
2015-12-14 05:00:00,0,342.0568542,0,99048.42188,0.004512449,281.9835815,-1.619882345,1.282739878,0
2015-12-14 06:00:00,0,340.5037231,0,99029.92188,0.004490438,281.7136536,-1.742158651,1.503215075,0
2015-12-14 07:00:00,0,341.0836792,0,99127.21094,0.004552282,281.7697144,-1.633657575,1.719930053,0
2015-12-14 08:00:00,0,341.6558838,0,99224.3125,0.004614316,281.8254395,-1.526783347,1.939089656,0
2015-12-14 09:00:00,0,343.0986938,0,99321.53125,0.004677935,281.8814697,-1.419527173,2.15713048,0
2015-12-14 10:00:00,0,344.1316528,0,99318.49219,0.004777425,282.0664368,-1.369899631,1.994878292,0
2015-12-14 11:00:00,0,345.155365,0,99315.21094,0.004878048,282.2507324,-1.32192719,1.833142757,0
2015-12-14 12:00:00,0,349.8518066,0,99311.92969,0.004980828,282.4361877,-1.271512628,1.670458794,0
2015-12-14 13:00:00,0,350.9374084,64.26303101,99298.99219,0.005043968,283.9274597,-1.879833937,1.865075588,0
2015-12-14 14:00:00,0,352.0202637,126.1341553,99285.72656,0.005106491,285.4188843,-2.488124132,2.05911994,0
2015-12-14 15:00:00,0,363.4472351,156.8695068,99272.42969,0.005167962,286.9101563,-3.096739292,2.253538609,0
2015-12-14 16:00:00,0,364.3566284,197.3306885,99266.51563,0.005273039,288.1662903,-2.749919653,2.936336279,0
2015-12-14 17:00:00,0,365.2738647,223.4094391,99260.65625,0.005379855,289.4266968,-2.402125359,3.620054722,0
2015-12-14 18:00:00,0,337.8728638,566.0100708,99254.78906,0.005486049,290.6828308,-2.054313183,4.301502228,0
2015-12-14 19:00:00,0,338.8294678,522.350708,99182.25,0.005623994,291.9714966,-2.543092489,4.459607124,0
2015-12-14 20:00:00,0,339.7719727,441.0800781,99109.77344,0.005763011,293.259613,-3.030559301,4.618189812,0
2015-12-14 21:00:00,0,331.0867004,350.7976685,99037.28125,0.005905156,294.5482788,-3.519574881,4.776180267,0
2015-12-14 22:00:00,0,331.4666138,198.7152252,99065.11719,0.006039763,293.0588989,-3.219572067,4.060750484,0
2015-12-14 23:00:00,0,331.8552856,27.58698273,99093.14063,0.006176327,291.5682983,-2.921084881,3.348159552,0
2015-12-15 00:00:00,0,309.1609497,0,99121.27344,0.006315196,290.078949,-2.622044086,2.635112286,0
2015-12-15 01:00:00,0,309.6576233,0,99090.83594,0.006382565,289.0809021,-2.528854609,2.730431795,0
2015-12-15 02:00:00,0,310.144928,0,99060.4375,0.006450516,288.0779419,-2.434973717,2.825514078,0
2015-12-15 03:00:00,0,301.3476257,0,99030.14063,0.006522221,287.079895,-2.34077096,2.921769381,0
2015-12-15 04:00:00,0,301.6724243,0,99049.75781,0.006540382,286.4411621,-2.312160254,3.034830809,0
2015-12-15 05:00:00,0,301.9884338,0,99069.42188,0.006558086,285.8017273,-2.284316301,3.148859262,0
2015-12-15 06:00:00,0,295.4285583,0,99089.02344,0.006577131,285.1629639,-2.256391525,3.26297307,0
2015-12-15 07:00:00,0,295.8904724,0,99081.21094,0.006564723,284.6660156,-2.051407576,3.212602377,0
2015-12-15 08:00:00,0,296.3520508,0,99073.32031,0.006552264,284.1684265,-1.846435666,3.163448095,0
2015-12-15 09:00:00,0,292.6860352,0,99065.47656,0.00653941,283.6715088,-1.640889883,3.114966869,0
2015-12-15 10:00:00,0,293.4997864,0,99057.64844,0.006550816,283.3729858,-1.801721692,3.094892263,0
2015-12-15 11:00:00,0,294.3205566,0,99050.04688,0.006562461,283.0739746,-1.961729288,3.075250149,0
2015-12-15 12:00:00,0,299.6464539,0,99042.4375,0.006573986,282.7754517,-2.124494314,3.053948641,0
2015-12-15 13:00:00,0,298.9065857,140.8576965,98980.33594,0.00660069,285.2075195,-1.652479053,3.512390852,0
2015-12-15 14:00:00,0,298.2041626,279.0611267,98917.97656,0.006632159,287.6414185,-1.181162834,3.970705509,0
2015-12-15 15:00:00,0,333.9754333,406.586792,98855.5625,0.006663993,290.0735168,-0.708907425,4.428990364,0
2015-12-15 16:00:00,0,333.1114807,511.8006592,98837.45313,0.006421289,292.1486206,-0.259201169,5.272462368,0
2015-12-15 17:00:00,0,332.2800293,579.4729614,98819.49219,0.006187599,294.2277527,0.189714462,6.115715504,0
2015-12-15 18:00:00,0,350.1675415,567.7870483,98801.58594,0.005959832,296.3029175,0.638826489,6.95959568,0
2015-12-15 19:00:00,0,350.0917664,523.6453247,98747.0625,0.005946601,296.7260132,0.659512758,6.866211414,0
2015-12-15 20:00:00,0,350.0075684,441.3848267,98692.51563,0.005933116,297.1503906,0.679188311,6.773928642,0
2015-12-15 21:00:00,0,354.5259094,310.7753296,98638.03906,0.005920134,297.5735474,0.698640347,6.682195663,0
2015-12-15 22:00:00,0,355.0316772,174.2398224,98637.70313,0.006124956,296.264801,0.835507631,6.410194397,0
2015-12-15 23:00:00,0,355.5431824,20.65925407,98637.32031,0.00633297,294.9550171,0.973977208,6.138151169,0
2015-12-16 00:00:00,0,372.5308228,0,98636.98438,0.006544317,293.6462708,1.11081624,5.866156101,0
2015-12-16 01:00:00,0,371.6955566,0,98645.47656,0.00719221,291.535614,0.959752083,4.808836937,3.81E-05
2015-12-16 02:00:00,0,370.8233643,0,98653.90625,0.007819805,289.4219971,0.80977124,3.751176596,0.000146334
2015-12-16 03:00:00,0,375.3178711,0,98662.20313,0.00843239,287.3113403,0.65979445,2.694176674,7.84E-05
2015-12-16 04:00:00,0,375.7536621,0,98689.74219,0.00867204,287.2746277,-0.330717683,2.842006445,5.81E-07
2015-12-16 05:00:00,0,376.1890564,0,98716.89063,0.008914421,287.2377014,-1.321861982,2.989362001,4.30E-06
2015-12-16 06:00:00,0,369.3426514,0,98744.21875,0.009159945,287.2014771,-2.313795328,3.136533022,4.87E-05
2015-12-16 07:00:00,0,370.1389465,0,98726.39844,0.008943804,286.7248535,-1.769010186,3.31007266,6.47E-05
2015-12-16 08:00:00,0,370.9385986,0,98709.03125,0.008721426,286.2466125,-1.225084662,3.48353672,4.01E-06
2015-12-16 09:00:00,0,356.3728638,0,98691.20313,0.008492466,285.769989,-0.67915833,3.657362938,9.14E-05
2015-12-16 10:00:00,0,355.9754639,0,98717.09375,0.008500414,285.7106934,-0.498972654,3.20394969,1.96E-05
2015-12-16 11:00:00,0,355.5698547,0,98743.07813,0.008507145,285.6506042,-0.320440769,2.749264956,6.23E-07
2015-12-16 12:00:00,0,337.6115112,0,98768.8125,0.008513012,285.5912781,-0.141259044,2.295913458,0
2015-12-16 13:00:00,0,337.3182373,127.9068832,98756.77344,0.008648224,287.0791016,0.410990894,2.638202429,0
2015-12-16 14:00:00,0,337.0357056,255.9506989,98744.64063,0.00878366,288.5664368,0.963872731,2.980545759,0
2015-12-16 15:00:00,0,348.4856873,387.328949,98732.38281,0.008918787,290.0542297,1.516656399,3.323296309,0
2015-12-16 16:00:00,0,348.6362,488.0830383,98715.01563,0.008795045,291.5036621,1.706668377,3.763204098,0
2015-12-16 17:00:00,0,348.8123169,552.786438,98697.70313,0.008673427,292.9569702,1.896275282,4.202908993,0
2015-12-16 18:00:00,0,358.6188049,576.7151489,98680.44531,0.008547645,294.4063416,2.083939552,4.642785549,0
2015-12-16 19:00:00,0,358.6722412,531.4488525,98661.5,0.008307996,294.9732666,2.693522692,5.245096207,0
2015-12-16 20:00:00,0,358.7310181,447.219574,98642.6875,0.008068017,295.5396729,3.301212072,5.849230289,0
2015-12-16 21:00:00,0,365.0847473,281.8973999,98623.46875,0.0078276,296.1065979,3.908702374,6.453859329,0
2015-12-16 22:00:00,0,364.6608276,156.3831787,98652.46094,0.00760675,294.8592834,3.889076948,5.328514576,0
2015-12-16 23:00:00,0,364.2233276,15.25115871,98681.09375,0.007386955,293.6098938,3.867968082,4.205308437,0
2015-12-17 00:00:00,0,369.8503723,0,98710.03906,0.007169123,292.3625793,3.847543001,3.079171419,0
2015-12-17 01:00:00,0,369.144989,0,98733.89844,0.006955755,291.2721558,4.115953922,2.616730928,0
2015-12-17 02:00:00,0,368.4215698,0,98758.04688,0.006743654,290.1784058,4.382059097,2.154161453,0
2015-12-17 03:00:00,0,332.8702087,0,98782.28125,0.006535477,289.0879517,4.649238586,1.69142735,0
2015-12-17 04:00:00,0,331.9594421,0,98867,0.006353105,287.7887268,4.052145958,1.427879453,0
2015-12-17 05:00:00,0,331.0459595,0,98951.60938,0.006173638,286.4884644,3.456576109,1.166213155,0
2015-12-17 06:00:00,0,287.1218567,0,99036.26563,0.005996574,285.189209,2.860184669,0.904350638,0
2015-12-17 07:00:00,0,286.3280945,0,98977.73438,0.005899167,284.4550171,1.874150276,1.196848631,0
2015-12-17 08:00:00,0,285.5317383,0,98918.98438,0.005802376,283.7204285,0.887660146,1.491154671,0
2015-12-17 09:00:00,0,289.6474304,0,98860.65625,0.005706842,282.9862671,-0.096392006,1.784646749,0
2015-12-17 10:00:00,0,289.2030945,0,98942.20313,0.005680792,282.5929565,-0.774933815,2.059561253,0
2015-12-17 11:00:00,0,288.7564392,0,99024.24219,0.005654358,282.1998291,-1.454422712,2.335580587,0
2015-12-17 12:00:00,0,300.6188965,0,99105.95313,0.005627805,281.8065186,-2.134112597,2.609961271,0
2015-12-17 13:00:00,0,302.8798218,132.7894592,99026.98438,0.006027708,284.5102539,-2.330641508,2.962242365,0
2015-12-17 14:00:00,0,305.1303101,268.5350647,98948.24219,0.006442559,287.2156677,-2.52866745,3.318017721,0
2015-12-17 15:00:00,0,305.1303101,268.5350647,98948.24219,0.006442559,287.2156677,-2.52866745,3.318017721,0
2015-12-17 16:00:00,0,305.1303101,268.5350647,98948.24219,0.006442559,287.2156677,-2.52866745,3.318017721,0
2015-12-17 17:00:00,0,305.1303101,268.5350647,98948.24219,0.006442559,287.2156677,-2.52866745,3.318017721,0
2015-12-17 18:00:00,0,305.1303101,268.5350647,98948.24219,0.006442559,287.2156677,-2.52866745,3.318017721,0
2015-12-17 19:00:00,0,305.1303101,268.5350647,98948.24219,0.006442559,287.2156677,-2.52866745,3.318017721,0
2015-12-17 20:00:00,0,305.1303101,268.5350647,98948.24219,0.006442559,287.2156677,-2.52866745,3.318017721,0
2015-12-17 21:00:00,0,305.1303101,268.5350647,98948.24219,0.006442559,287.2156677,-2.52866745,3.318017721,0
2015-12-17 22:00:00,0,305.1303101,268.5350647,98948.24219,0.006442559,287.2156677,-2.52866745,3.318017721,0
2015-12-17 23:00:00,0,305.1303101,268.5350647,98948.24219,0.006442559,287.2156677,-2.52866745,3.318017721,0
2015-12-18 00:00:00,0,305.1303101,268.5350647,98948.24219,0.006442559,287.2156677,-2.52866745,3.318017721,0
2015-12-18 01:00:00,0,305.1303101,268.5350647,98948.24219,0.006442559,287.2156677,-2.52866745,3.318017721,0
2015-12-18 02:00:00,0,305.1303101,268.5350647,98948.24219,0.006442559,287.2156677,-2.52866745,3.318017721,0
2015-12-18 03:00:00,0,305.1303101,268.5350647,98948.24219,0.006442559,287.2156677,-2.52866745,3.318017721,0
2015-12-18 04:00:00,0,305.1303101,268.5350647,98948.24219,0.006442559,287.2156677,-2.52866745,3.318017721,0
2015-12-18 05:00:00,0,305.1303101,268.5350647,98948.24219,0.006442559,287.2156677,-2.52866745,3.318017721,0
2015-12-18 06:00:00,0,305.1303101,268.5350647,98948.24219,0.006442559,287.2156677,-2.52866745,3.318017721,0
2015-12-18 07:00:00,0,305.1303101,268.5350647,98948.24219,0.006442559,287.2156677,-2.52866745,3.318017721,0
2015-12-18 08:00:00,0,305.1303101,268.5350647,98948.24219,0.006442559,287.2156677,-2.52866745,3.318017721,0
2015-12-18 09:00:00,0,305.1303101,268.5350647,98948.24219,0.006442559,287.2156677,-2.52866745,3.318017721,0
2015-12-18 10:00:00,0,305.1303101,268.5350647,98948.24219,0.006442559,287.2156677,-2.52866745,3.318017721,0
2015-12-18 11:00:00,0,305.1303101,268.5350647,98948.24219,0.006442559,287.2156677,-2.52866745,3.318017721,0
2015-12-18 12:00:00,0,305.1303101,268.5350647,98948.24219,0.006442559,287.2156677,-2.52866745,3.318017721,0
2015-12-18 13:00:00,0,305.1303101,268.5350647,98948.24219,0.006442559,287.2156677,-2.52866745,3.318017721,0
2015-12-18 14:00:00,0,305.1303101,268.5350647,98948.24219,0.006442559,287.2156677,-2.52866745,3.318017721,0
2015-12-18 15:00:00,0,305.1303101,268.5350647,98948.24219,0.006442559,287.2156677,-2.52866745,3.318017721,0
2015-12-18 16:00:00,0,305.1303101,268.5350647,98948.24219,0.006442559,287.2156677,-2.52866745,3.318017721,0
2015-12-18 17:00:00,0,305.1303101,268.5350647,98948.24219,0.006442559,287.2156677,-2.52866745,3.318017721,0
2015-12-18 18:00:00,0,305.1303101,268.5350647,98948.24219,0.006442559,287.2156677,-2.52866745,3.318017721,0
2015-12-18 19:00:00,0,305.1303101,268.5350647,98948.24219,0.006442559,287.2156677,-2.52866745,3.318017721,0
2015-12-18 20:00:00,0,305.1303101,268.5350647,98948.24219,0.006442559,287.2156677,-2.52866745,3.318017721,0
2015-12-18 21:00:00,0,305.1303101,268.5350647,98948.24219,0.006442559,287.2156677,-2.52866745,3.318017721,0
2015-12-18 22:00:00,0,305.1303101,268.5350647,98948.24219,0.006442559,287.2156677,-2.52866745,3.318017721,0
2015-12-18 23:00:00,0,305.1303101,268.5350647,98948.24219,0.006442559,287.2156677,-2.52866745,3.318017721,0
2015-12-19 00:00:00,0,305.1303101,268.5350647,98948.24219,0.006442559,287.2156677,-2.52866745,3.318017721,0
2015-12-19 01:00:00,0,305.1303101,268.5350647,98948.24219,0.006442559,287.2156677,-2.52866745,3.318017721,0
2015-12-19 02:00:00,0,305.1303101,268.5350647,98948.24219,0.006442559,287.2156677,-2.52866745,3.318017721,0
2015-12-19 03:00:00,0,305.1303101,268.5350647,98948.24219,0.006442559,287.2156677,-2.52866745,3.318017721,0
2015-12-19 04:00:00,0,305.1303101,268.5350647,98948.24219,0.006442559,287.2156677,-2.52866745,3.318017721,0
2015-12-19 05:00:00,0,305.1303101,268.5350647,98948.24219,0.006442559,287.2156677,-2.52866745,3.318017721,0
2015-12-19 06:00:00,0,305.1303101,268.5350647,98948.24219,0.006442559,287.2156677,-2.52866745,3.318017721,0
2015-12-19 07:00:00,0,305.1303101,268.5350647,98948.24219,0.006442559,287.2156677,-2.52866745,3.318017721,0
2015-12-19 08:00:00,0,305.1303101,268.5350647,98948.24219,0.006442559,287.2156677,-2.52866745,3.318017721,0
2015-12-19 09:00:00,0,305.1303101,268.5350647,98948.24219,0.006442559,287.2156677,-2.52866745,3.318017721,0
2015-12-19 10:00:00,0,305.1303101,268.5350647,98948.24219,0.006442559,287.2156677,-2.52866745,3.318017721,0
2015-12-19 11:00:00,0,305.1303101,268.5350647,98948.24219,0.006442559,287.2156677,-2.52866745,3.318017721,0
2015-12-19 12:00:00,0,305.1303101,268.5350647,98948.24219,0.006442559,287.2156677,-2.52866745,3.318017721,0
2015-12-19 13:00:00,0,305.1303101,268.5350647,98948.24219,0.006442559,287.2156677,-2.52866745,3.318017721,0
2015-12-19 14:00:00,0,305.1303101,268.5350647,98948.24219,0.006442559,287.2156677,-2.52866745,3.318017721,0
2015-12-19 15:00:00,0,305.1303101,268.5350647,98948.24219,0.006442559,287.2156677,-2.52866745,3.318017721,0
2015-12-19 16:00:00,0,305.1303101,268.5350647,98948.24219,0.006442559,287.2156677,-2.52866745,3.318017721,0
2015-12-19 17:00:00,0,305.1303101,268.5350647,98948.24219,0.006442559,287.2156677,-2.52866745,3.318017721,0
2015-12-19 18:00:00,0,305.1303101,268.5350647,98948.24219,0.006442559,287.2156677,-2.52866745,3.318017721,0
2015-12-19 19:00:00,0,305.1303101,268.5350647,98948.24219,0.006442559,287.2156677,-2.52866745,3.318017721,0
2015-12-19 20:00:00,0,305.1303101,268.5350647,98948.24219,0.006442559,287.2156677,-2.52866745,3.318017721,0
2015-12-19 21:00:00,0,305.1303101,268.5350647,98948.24219,0.006442559,287.2156677,-2.52866745,3.318017721,0
2015-12-19 22:00:00,0,305.1303101,268.5350647,98948.24219,0.006442559,287.2156677,-2.52866745,3.318017721,0
2015-12-19 23:00:00,0,305.1303101,268.5350647,98948.24219,0.006442559,287.2156677,-2.52866745,3.318017721,0
2015-12-20 00:00:00,0,305.1303101,268.5350647,98948.24219,0.006442559,287.2156677,-2.52866745,3.318017721,0
2015-12-20 01:00:00,0,305.1303101,268.5350647,98948.24219,0.006442559,287.2156677,-2.52866745,3.318017721,0
2015-12-20 02:00:00,0,305.1303101,268.5350647,98948.24219,0.006442559,287.2156677,-2.52866745,3.318017721,0
2015-12-20 03:00:00,0,305.1303101,268.5350647,98948.24219,0.006442559,287.2156677,-2.52866745,3.318017721,0
2015-12-20 04:00:00,0,305.1303101,268.5350647,98948.24219,0.006442559,287.2156677,-2.52866745,3.318017721,0
2015-12-20 05:00:00,0,305.1303101,268.5350647,98948.24219,0.006442559,287.2156677,-2.52866745,3.318017721,0
2015-12-20 06:00:00,0,305.1303101,268.5350647,98948.24219,0.006442559,287.2156677,-2.52866745,3.318017721,0
2015-12-20 07:00:00,0,305.1303101,268.5350647,98948.24219,0.006442559,287.2156677,-2.52866745,3.318017721,0
2015-12-20 08:00:00,0,305.1303101,268.5350647,98948.24219,0.006442559,287.2156677,-2.52866745,3.318017721,0
2015-12-20 09:00:00,0,305.1303101,268.5350647,98948.24219,0.006442559,287.2156677,-2.52866745,3.318017721,0
2015-12-20 10:00:00,0,305.1303101,268.5350647,98948.24219,0.006442559,287.2156677,-2.52866745,3.318017721,0
2015-12-20 11:00:00,0,305.1303101,268.5350647,98948.24219,0.006442559,287.2156677,-2.52866745,3.318017721,0
2015-12-20 12:00:00,0,305.1303101,268.5350647,98948.24219,0.006442559,287.2156677,-2.52866745,3.318017721,0
2015-12-20 13:00:00,0,305.1303101,268.5350647,98948.24219,0.006442559,287.2156677,-2.52866745,3.318017721,0
2015-12-20 14:00:00,0,305.1303101,268.5350647,98948.24219,0.006442559,287.2156677,-2.52866745,3.318017721,0
2015-12-20 15:00:00,0,305.1303101,268.5350647,98948.24219,0.006442559,287.2156677,-2.52866745,3.318017721,0
2015-12-20 16:00:00,0,305.1303101,268.5350647,98948.24219,0.006442559,287.2156677,-2.52866745,3.318017721,0
2015-12-20 17:00:00,0,305.1303101,268.5350647,98948.24219,0.006442559,287.2156677,-2.52866745,3.318017721,0
2015-12-20 18:00:00,0,305.1303101,268.5350647,98948.24219,0.006442559,287.2156677,-2.52866745,3.318017721,0
2015-12-20 19:00:00,0,305.1303101,268.5350647,98948.24219,0.006442559,287.2156677,-2.52866745,3.318017721,0
2015-12-20 20:00:00,0,305.1303101,268.5350647,98948.24219,0.006442559,287.2156677,-2.52866745,3.318017721,0
2015-12-20 21:00:00,0,305.1303101,268.5350647,98948.24219,0.006442559,287.2156677,-2.52866745,3.318017721,0
2015-12-20 22:00:00,0,305.1303101,268.5350647,98948.24219,0.006442559,287.2156677,-2.52866745,3.318017721,0
2015-12-20 23:00:00,0,305.1303101,268.5350647,98948.24219,0.006442559,287.2156677,-2.52866745,3.318017721,0
2015-12-21 00:00:00,0,305.1303101,268.5350647,98948.24219,0.006442559,287.2156677,-2.52866745,3.318017721,0
2015-12-21 01:00:00,0,305.1303101,268.5350647,98948.24219,0.006442559,287.2156677,-2.52866745,3.318017721,0
2015-12-21 02:00:00,0,305.1303101,268.5350647,98948.24219,0.006442559,287.2156677,-2.52866745,3.318017721,0
2015-12-21 03:00:00,0,305.1303101,268.5350647,98948.24219,0.006442559,287.2156677,-2.52866745,3.318017721,0
2015-12-21 04:00:00,0,305.1303101,268.5350647,98948.24219,0.006442559,287.2156677,-2.52866745,3.318017721,0
2015-12-21 05:00:00,0,305.1303101,268.5350647,98948.24219,0.006442559,287.2156677,-2.52866745,3.318017721,0
2015-12-21 06:00:00,0,305.1303101,268.5350647,98948.24219,0.006442559,287.2156677,-2.52866745,3.318017721,0
2015-12-21 07:00:00,0,305.1303101,268.5350647,98948.24219,0.006442559,287.2156677,-2.52866745,3.318017721,0
2015-12-21 08:00:00,0,305.1303101,268.5350647,98948.24219,0.006442559,287.2156677,-2.52866745,3.318017721,0
2015-12-21 09:00:00,0,305.1303101,268.5350647,98948.24219,0.006442559,287.2156677,-2.52866745,3.318017721,0
2015-12-21 10:00:00,0,305.1303101,268.5350647,98948.24219,0.006442559,287.2156677,-2.52866745,3.318017721,0
2015-12-21 11:00:00,0,305.1303101,268.5350647,98948.24219,0.006442559,287.2156677,-2.52866745,3.318017721,0
2015-12-21 12:00:00,0,305.1303101,268.5350647,98948.24219,0.006442559,287.2156677,-2.52866745,3.318017721,0
2015-12-21 13:00:00,0,305.1303101,268.5350647,98948.24219,0.006442559,287.2156677,-2.52866745,3.318017721,0
2015-12-21 14:00:00,0,305.1303101,268.5350647,98948.24219,0.006442559,287.2156677,-2.52866745,3.318017721,0
2015-12-21 15:00:00,0,305.1303101,268.5350647,98948.24219,0.006442559,287.2156677,-2.52866745,3.318017721,0
2015-12-21 16:00:00,0,305.1303101,268.5350647,98948.24219,0.006442559,287.2156677,-2.52866745,3.318017721,0
2015-12-21 17:00:00,0,305.1303101,268.5350647,98948.24219,0.006442559,287.2156677,-2.52866745,3.318017721,0
2015-12-21 18:00:00,0,305.1303101,268.5350647,98948.24219,0.006442559,287.2156677,-2.52866745,3.318017721,0
2015-12-21 19:00:00,0,305.1303101,268.5350647,98948.24219,0.006442559,287.2156677,-2.52866745,3.318017721,0
2015-12-21 20:00:00,0,305.1303101,268.5350647,98948.24219,0.006442559,287.2156677,-2.52866745,3.318017721,0
2015-12-21 21:00:00,0,305.1303101,268.5350647,98948.24219,0.006442559,287.2156677,-2.52866745,3.318017721,0
2015-12-21 22:00:00,0,305.1303101,268.5350647,98948.24219,0.006442559,287.2156677,-2.52866745,3.318017721,0
2015-12-21 23:00:00,0,305.1303101,268.5350647,98948.24219,0.006442559,287.2156677,-2.52866745,3.318017721,0
2015-12-22 00:00:00,0,305.1303101,268.5350647,98948.24219,0.006442559,287.2156677,-2.52866745,3.318017721,0
2015-12-22 01:00:00,0,305.1303101,268.5350647,98948.24219,0.006442559,287.2156677,-2.52866745,3.318017721,0
2015-12-22 02:00:00,0,305.1303101,268.5350647,98948.24219,0.006442559,287.2156677,-2.52866745,3.318017721,0
2015-12-22 03:00:00,0,305.1303101,268.5350647,98948.24219,0.006442559,287.2156677,-2.52866745,3.318017721,0
2015-12-22 04:00:00,0,305.1303101,268.5350647,98948.24219,0.006442559,287.2156677,-2.52866745,3.318017721,0
2015-12-22 05:00:00,0,305.1303101,268.5350647,98948.24219,0.006442559,287.2156677,-2.52866745,3.318017721,0
2015-12-22 06:00:00,0,305.1303101,268.5350647,98948.24219,0.006442559,287.2156677,-2.52866745,3.318017721,0
2015-12-22 07:00:00,0,305.1303101,268.5350647,98948.24219,0.006442559,287.2156677,-2.52866745,3.318017721,0
2015-12-22 08:00:00,0,305.1303101,268.5350647,98948.24219,0.006442559,287.2156677,-2.52866745,3.318017721,0
2015-12-22 09:00:00,0,305.1303101,268.5350647,98948.24219,0.006442559,287.2156677,-2.52866745,3.318017721,0
2015-12-22 10:00:00,0,305.1303101,268.5350647,98948.24219,0.006442559,287.2156677,-2.52866745,3.318017721,0
2015-12-22 11:00:00,0,305.1303101,268.5350647,98948.24219,0.006442559,287.2156677,-2.52866745,3.318017721,0
2015-12-22 12:00:00,0,305.1303101,268.5350647,98948.24219,0.006442559,287.2156677,-2.52866745,3.318017721,0
2015-12-22 13:00:00,0,305.1303101,268.5350647,98948.24219,0.006442559,287.2156677,-2.52866745,3.318017721,0
2015-12-22 14:00:00,0,305.1303101,268.5350647,98948.24219,0.006442559,287.2156677,-2.52866745,3.318017721,0
2015-12-22 15:00:00,0,305.1303101,268.5350647,98948.24219,0.006442559,287.2156677,-2.52866745,3.318017721,0
2015-12-22 16:00:00,0,305.1303101,268.5350647,98948.24219,0.006442559,287.2156677,-2.52866745,3.318017721,0
2015-12-22 17:00:00,0,305.1303101,268.5350647,98948.24219,0.006442559,287.2156677,-2.52866745,3.318017721,0
2015-12-22 18:00:00,0,305.1303101,268.5350647,98948.24219,0.006442559,287.2156677,-2.52866745,3.318017721,0
2015-12-22 19:00:00,0,305.1303101,268.5350647,98948.24219,0.006442559,287.2156677,-2.52866745,3.318017721,0
2015-12-22 20:00:00,0,305.1303101,268.5350647,98948.24219,0.006442559,287.2156677,-2.52866745,3.318017721,0
2015-12-22 21:00:00,0,305.1303101,268.5350647,98948.24219,0.006442559,287.2156677,-2.52866745,3.318017721,0
2015-12-22 22:00:00,0,305.1303101,268.5350647,98948.24219,0.006442559,287.2156677,-2.52866745,3.318017721,0
2015-12-22 23:00:00,0,305.1303101,268.5350647,98948.24219,0.006442559,287.2156677,-2.52866745,3.318017721,0
2015-12-23 00:00:00,0,305.1303101,268.5350647,98948.24219,0.006442559,287.2156677,-2.52866745,3.318017721,0
2015-12-23 01:00:00,0,305.1303101,268.5350647,98948.24219,0.006442559,287.2156677,-2.52866745,3.318017721,0
2015-12-23 02:00:00,0,305.1303101,268.5350647,98948.24219,0.006442559,287.2156677,-2.52866745,3.318017721,0
2015-12-23 03:00:00,0,305.1303101,268.5350647,98948.24219,0.006442559,287.2156677,-2.52866745,3.318017721,0
2015-12-23 04:00:00,0,305.1303101,268.5350647,98948.24219,0.006442559,287.2156677,-2.52866745,3.318017721,0
2015-12-23 05:00:00,0,305.1303101,268.5350647,98948.24219,0.006442559,287.2156677,-2.52866745,3.318017721,0
2015-12-23 06:00:00,0,305.1303101,268.5350647,98948.24219,0.006442559,287.2156677,-2.52866745,3.318017721,0
2015-12-23 07:00:00,0,305.1303101,268.5350647,98948.24219,0.006442559,287.2156677,-2.52866745,3.318017721,0
2015-12-23 08:00:00,0,305.1303101,268.5350647,98948.24219,0.006442559,287.2156677,-2.52866745,3.318017721,0
2015-12-23 09:00:00,0,305.1303101,268.5350647,98948.24219,0.006442559,287.2156677,-2.52866745,3.318017721,0
2015-12-23 10:00:00,0,305.1303101,268.5350647,98948.24219,0.006442559,287.2156677,-2.52866745,3.318017721,0
2015-12-23 11:00:00,0,305.1303101,268.5350647,98948.24219,0.006442559,287.2156677,-2.52866745,3.318017721,0
2015-12-23 12:00:00,0,305.1303101,268.5350647,98948.24219,0.006442559,287.2156677,-2.52866745,3.318017721,0
2015-12-23 13:00:00,0,305.1303101,268.5350647,98948.24219,0.006442559,287.2156677,-2.52866745,3.318017721,0
2015-12-23 14:00:00,0,305.1303101,268.5350647,98948.24219,0.006442559,287.2156677,-2.52866745,3.318017721,0
2015-12-23 15:00:00,0,305.1303101,268.5350647,98948.24219,0.006442559,287.2156677,-2.52866745,3.318017721,0
2015-12-23 16:00:00,0,305.1303101,268.5350647,98948.24219,0.006442559,287.2156677,-2.52866745,3.318017721,0
2015-12-23 17:00:00,0,305.1303101,268.5350647,98948.24219,0.006442559,287.2156677,-2.52866745,3.318017721,0
2015-12-23 18:00:00,0,305.1303101,268.5350647,98948.24219,0.006442559,287.2156677,-2.52866745,3.318017721,0
2015-12-23 19:00:00,0,305.1303101,268.5350647,98948.24219,0.006442559,287.2156677,-2.52866745,3.318017721,0
2015-12-23 20:00:00,0,305.1303101,268.5350647,98948.24219,0.006442559,287.2156677,-2.52866745,3.318017721,0
2015-12-23 21:00:00,0,305.1303101,268.5350647,98948.24219,0.006442559,287.2156677,-2.52866745,3.318017721,0
2015-12-23 22:00:00,0,305.1303101,268.5350647,98948.24219,0.006442559,287.2156677,-2.52866745,3.318017721,0
2015-12-23 23:00:00,0,305.1303101,268.5350647,98948.24219,0.006442559,287.2156677,-2.52866745,3.318017721,0
2015-12-24 00:00:00,0,305.1303101,268.5350647,98948.24219,0.006442559,287.2156677,-2.52866745,3.318017721,0
2015-12-24 01:00:00,0,305.1303101,268.5350647,98948.24219,0.006442559,287.2156677,-2.52866745,3.318017721,0
2015-12-24 02:00:00,0,305.1303101,268.5350647,98948.24219,0.006442559,287.2156677,-2.52866745,3.318017721,0
2015-12-24 03:00:00,0,305.1303101,268.5350647,98948.24219,0.006442559,287.2156677,-2.52866745,3.318017721,0
2015-12-24 04:00:00,0,305.1303101,268.5350647,98948.24219,0.006442559,287.2156677,-2.52866745,3.318017721,0
2015-12-24 05:00:00,0,305.1303101,268.5350647,98948.24219,0.006442559,287.2156677,-2.52866745,3.318017721,0
2015-12-24 06:00:00,0,305.1303101,268.5350647,98948.24219,0.006442559,287.2156677,-2.52866745,3.318017721,0
2015-12-24 07:00:00,0,305.1303101,268.5350647,98948.24219,0.006442559,287.2156677,-2.52866745,3.318017721,0
2015-12-24 08:00:00,0,305.1303101,268.5350647,98948.24219,0.006442559,287.2156677,-2.52866745,3.318017721,0
2015-12-24 09:00:00,0,305.1303101,268.5350647,98948.24219,0.006442559,287.2156677,-2.52866745,3.318017721,0
2015-12-24 10:00:00,0,305.1303101,268.5350647,98948.24219,0.006442559,287.2156677,-2.52866745,3.318017721,0
2015-12-24 11:00:00,0,305.1303101,268.5350647,98948.24219,0.006442559,287.2156677,-2.52866745,3.318017721,0
2015-12-24 12:00:00,0,305.1303101,268.5350647,98948.24219,0.006442559,287.2156677,-2.52866745,3.318017721,0
2015-12-24 13:00:00,0,305.1303101,268.5350647,98948.24219,0.006442559,287.2156677,-2.52866745,3.318017721,0
2015-12-24 14:00:00,0,305.1303101,268.5350647,98948.24219,0.006442559,287.2156677,-2.52866745,3.318017721,0
2015-12-24 15:00:00,0,305.1303101,268.5350647,98948.24219,0.006442559,287.2156677,-2.52866745,3.318017721,0
2015-12-24 16:00:00,0,305.1303101,268.5350647,98948.24219,0.006442559,287.2156677,-2.52866745,3.318017721,0
2015-12-24 17:00:00,0,305.1303101,268.5350647,98948.24219,0.006442559,287.2156677,-2.52866745,3.318017721,0
2015-12-24 18:00:00,0,305.1303101,268.5350647,98948.24219,0.006442559,287.2156677,-2.52866745,3.318017721,0
2015-12-24 19:00:00,0,305.1303101,268.5350647,98948.24219,0.006442559,287.2156677,-2.52866745,3.318017721,0
2015-12-24 20:00:00,0,305.1303101,268.5350647,98948.24219,0.006442559,287.2156677,-2.52866745,3.318017721,0
2015-12-24 21:00:00,0,305.1303101,268.5350647,98948.24219,0.006442559,287.2156677,-2.52866745,3.318017721,0
2015-12-24 22:00:00,0,305.1303101,268.5350647,98948.24219,0.006442559,287.2156677,-2.52866745,3.318017721,0
2015-12-24 23:00:00,0,305.1303101,268.5350647,98948.24219,0.006442559,287.2156677,-2.52866745,3.318017721,0
2015-12-25 00:00:00,0,305.1303101,268.5350647,98948.24219,0.006442559,287.2156677,-2.52866745,3.318017721,0
2015-12-25 01:00:00,0,305.1303101,268.5350647,98948.24219,0.006442559,287.2156677,-2.52866745,3.318017721,0
2015-12-25 02:00:00,0,305.1303101,268.5350647,98948.24219,0.006442559,287.2156677,-2.52866745,3.318017721,0
2015-12-25 03:00:00,0,305.1303101,268.5350647,98948.24219,0.006442559,287.2156677,-2.52866745,3.318017721,0
2015-12-25 04:00:00,0,305.1303101,268.5350647,98948.24219,0.006442559,287.2156677,-2.52866745,3.318017721,0
2015-12-25 05:00:00,0,305.1303101,268.5350647,98948.24219,0.006442559,287.2156677,-2.52866745,3.318017721,0
2015-12-25 06:00:00,0,305.1303101,268.5350647,98948.24219,0.006442559,287.2156677,-2.52866745,3.318017721,0
2015-12-25 07:00:00,0,305.1303101,268.5350647,98948.24219,0.006442559,287.2156677,-2.52866745,3.318017721,0
2015-12-25 08:00:00,0,305.1303101,268.5350647,98948.24219,0.006442559,287.2156677,-2.52866745,3.318017721,0
2015-12-25 09:00:00,0,305.1303101,268.5350647,98948.24219,0.006442559,287.2156677,-2.52866745,3.318017721,0
2015-12-25 10:00:00,0,305.1303101,268.5350647,98948.24219,0.006442559,287.2156677,-2.52866745,3.318017721,0
2015-12-25 11:00:00,0,305.1303101,268.5350647,98948.24219,0.006442559,287.2156677,-2.52866745,3.318017721,0
2015-12-25 12:00:00,0,305.1303101,268.5350647,98948.24219,0.006442559,287.2156677,-2.52866745,3.318017721,0
2015-12-25 13:00:00,0,305.1303101,268.5350647,98948.24219,0.006442559,287.2156677,-2.52866745,3.318017721,0
2015-12-25 14:00:00,0,305.1303101,268.5350647,98948.24219,0.006442559,287.2156677,-2.52866745,3.318017721,0
2015-12-25 15:00:00,0,305.1303101,268.5350647,98948.24219,0.006442559,287.2156677,-2.52866745,3.318017721,0
2015-12-25 16:00:00,0,305.1303101,268.5350647,98948.24219,0.006442559,287.2156677,-2.52866745,3.318017721,0
2015-12-25 17:00:00,0,305.1303101,268.5350647,98948.24219,0.006442559,287.2156677,-2.52866745,3.318017721,0
2015-12-25 18:00:00,0,305.1303101,268.5350647,98948.24219,0.006442559,287.2156677,-2.52866745,3.318017721,0
2015-12-25 19:00:00,0,305.1303101,268.5350647,98948.24219,0.006442559,287.2156677,-2.52866745,3.318017721,0
2015-12-25 20:00:00,0,305.1303101,268.5350647,98948.24219,0.006442559,287.2156677,-2.52866745,3.318017721,0
2015-12-25 21:00:00,0,305.1303101,268.5350647,98948.24219,0.006442559,287.2156677,-2.52866745,3.318017721,0
2015-12-25 22:00:00,0,305.1303101,268.5350647,98948.24219,0.006442559,287.2156677,-2.52866745,3.318017721,0
2015-12-25 23:00:00,0,305.1303101,268.5350647,98948.24219,0.006442559,287.2156677,-2.52866745,3.318017721,0
2015-12-26 00:00:00,0,305.1303101,268.5350647,98948.24219,0.006442559,287.2156677,-2.52866745,3.318017721,0
2015-12-26 01:00:00,0,305.1303101,268.5350647,98948.24219,0.006442559,287.2156677,-2.52866745,3.318017721,0
2015-12-26 02:00:00,0,305.1303101,268.5350647,98948.24219,0.006442559,287.2156677,-2.52866745,3.318017721,0
2015-12-26 03:00:00,0,305.1303101,268.5350647,98948.24219,0.006442559,287.2156677,-2.52866745,3.318017721,0
2015-12-26 04:00:00,0,305.1303101,268.5350647,98948.24219,0.006442559,287.2156677,-2.52866745,3.318017721,0
2015-12-26 05:00:00,0,305.1303101,268.5350647,98948.24219,0.006442559,287.2156677,-2.52866745,3.318017721,0
2015-12-26 06:00:00,0,305.1303101,268.5350647,98948.24219,0.006442559,287.2156677,-2.52866745,3.318017721,0
2015-12-26 07:00:00,0,305.1303101,268.5350647,98948.24219,0.006442559,287.2156677,-2.52866745,3.318017721,0
2015-12-26 08:00:00,0,305.1303101,268.5350647,98948.24219,0.006442559,287.2156677,-2.52866745,3.318017721,0
2015-12-26 09:00:00,0,305.1303101,268.5350647,98948.24219,0.006442559,287.2156677,-2.52866745,3.318017721,0
2015-12-26 10:00:00,0,305.1303101,268.5350647,98948.24219,0.006442559,287.2156677,-2.52866745,3.318017721,0
2015-12-26 11:00:00,0,305.1303101,268.5350647,98948.24219,0.006442559,287.2156677,-2.52866745,3.318017721,0
2015-12-26 12:00:00,0,305.1303101,268.5350647,98948.24219,0.006442559,287.2156677,-2.52866745,3.318017721,0
2015-12-26 13:00:00,0,305.1303101,268.5350647,98948.24219,0.006442559,287.2156677,-2.52866745,3.318017721,0
2015-12-26 14:00:00,0,305.1303101,268.5350647,98948.24219,0.006442559,287.2156677,-2.52866745,3.318017721,0
2015-12-26 15:00:00,0,305.1303101,268.5350647,98948.24219,0.006442559,287.2156677,-2.52866745,3.318017721,0
2015-12-26 16:00:00,0,305.1303101,268.5350647,98948.24219,0.006442559,287.2156677,-2.52866745,3.318017721,0
2015-12-26 17:00:00,0,305.1303101,268.5350647,98948.24219,0.006442559,287.2156677,-2.52866745,3.318017721,0
2015-12-26 18:00:00,0,305.1303101,268.5350647,98948.24219,0.006442559,287.2156677,-2.52866745,3.318017721,0
2015-12-26 19:00:00,0,305.1303101,268.5350647,98948.24219,0.006442559,287.2156677,-2.52866745,3.318017721,0
2015-12-26 20:00:00,0,305.1303101,268.5350647,98948.24219,0.006442559,287.2156677,-2.52866745,3.318017721,0
2015-12-26 21:00:00,0,305.1303101,268.5350647,98948.24219,0.006442559,287.2156677,-2.52866745,3.318017721,0
2015-12-26 22:00:00,0,305.1303101,268.5350647,98948.24219,0.006442559,287.2156677,-2.52866745,3.318017721,0
2015-12-26 23:00:00,0,305.1303101,268.5350647,98948.24219,0.006442559,287.2156677,-2.52866745,3.318017721,0
2015-12-27 00:00:00,0,305.1303101,268.5350647,98948.24219,0.006442559,287.2156677,-2.52866745,3.318017721,0
2015-12-27 01:00:00,0,305.1303101,268.5350647,98948.24219,0.006442559,287.2156677,-2.52866745,3.318017721,0
2015-12-27 02:00:00,0,305.1303101,268.5350647,98948.24219,0.006442559,287.2156677,-2.52866745,3.318017721,0
2015-12-27 03:00:00,0,305.1303101,268.5350647,98948.24219,0.006442559,287.2156677,-2.52866745,3.318017721,0
2015-12-27 04:00:00,0,305.1303101,268.5350647,98948.24219,0.006442559,287.2156677,-2.52866745,3.318017721,0
2015-12-27 05:00:00,0,305.1303101,268.5350647,98948.24219,0.006442559,287.2156677,-2.52866745,3.318017721,0
2015-12-27 06:00:00,0,305.1303101,268.5350647,98948.24219,0.006442559,287.2156677,-2.52866745,3.318017721,0
2015-12-27 07:00:00,0,305.1303101,268.5350647,98948.24219,0.006442559,287.2156677,-2.52866745,3.318017721,0
2015-12-27 08:00:00,0,305.1303101,268.5350647,98948.24219,0.006442559,287.2156677,-2.52866745,3.318017721,0
2015-12-27 09:00:00,0,305.1303101,268.5350647,98948.24219,0.006442559,287.2156677,-2.52866745,3.318017721,0
2015-12-27 10:00:00,0,305.1303101,268.5350647,98948.24219,0.006442559,287.2156677,-2.52866745,3.318017721,0
2015-12-27 11:00:00,0,305.1303101,268.5350647,98948.24219,0.006442559,287.2156677,-2.52866745,3.318017721,0
2015-12-27 12:00:00,0,305.1303101,268.5350647,98948.24219,0.006442559,287.2156677,-2.52866745,3.318017721,0
2015-12-27 13:00:00,0,305.1303101,268.5350647,98948.24219,0.006442559,287.2156677,-2.52866745,3.318017721,0
2015-12-27 14:00:00,0,305.1303101,268.5350647,98948.24219,0.006442559,287.2156677,-2.52866745,3.318017721,0
2015-12-27 15:00:00,0,305.1303101,268.5350647,98948.24219,0.006442559,287.2156677,-2.52866745,3.318017721,0
2015-12-27 16:00:00,0,305.1303101,268.5350647,98948.24219,0.006442559,287.2156677,-2.52866745,3.318017721,0
2015-12-27 17:00:00,0,305.1303101,268.5350647,98948.24219,0.006442559,287.2156677,-2.52866745,3.318017721,0
2015-12-27 18:00:00,0,305.1303101,268.5350647,98948.24219,0.006442559,287.2156677,-2.52866745,3.318017721,0
2015-12-27 19:00:00,0,305.1303101,268.5350647,98948.24219,0.006442559,287.2156677,-2.52866745,3.318017721,0
2015-12-27 20:00:00,0,305.1303101,268.5350647,98948.24219,0.006442559,287.2156677,-2.52866745,3.318017721,0
2015-12-27 21:00:00,0,305.1303101,268.5350647,98948.24219,0.006442559,287.2156677,-2.52866745,3.318017721,0
2015-12-27 22:00:00,0,305.1303101,268.5350647,98948.24219,0.006442559,287.2156677,-2.52866745,3.318017721,0
2015-12-27 23:00:00,0,305.1303101,268.5350647,98948.24219,0.006442559,287.2156677,-2.52866745,3.318017721,0
2015-12-28 00:00:00,0,305.1303101,268.5350647,98948.24219,0.006442559,287.2156677,-2.52866745,3.318017721,0
2015-12-28 01:00:00,0,305.1303101,268.5350647,98948.24219,0.006442559,287.2156677,-2.52866745,3.318017721,0
2015-12-28 02:00:00,0,305.1303101,268.5350647,98948.24219,0.006442559,287.2156677,-2.52866745,3.318017721,0
2015-12-28 03:00:00,0,305.1303101,268.5350647,98948.24219,0.006442559,287.2156677,-2.52866745,3.318017721,0
2015-12-28 04:00:00,0,305.1303101,268.5350647,98948.24219,0.006442559,287.2156677,-2.52866745,3.318017721,0
2015-12-28 05:00:00,0,305.1303101,268.5350647,98948.24219,0.006442559,287.2156677,-2.52866745,3.318017721,0
2015-12-28 06:00:00,0,305.1303101,268.5350647,98948.24219,0.006442559,287.2156677,-2.52866745,3.318017721,0
2015-12-28 07:00:00,0,305.1303101,268.5350647,98948.24219,0.006442559,287.2156677,-2.52866745,3.318017721,0
2015-12-28 08:00:00,0,305.1303101,268.5350647,98948.24219,0.006442559,287.2156677,-2.52866745,3.318017721,0
2015-12-28 09:00:00,0,305.1303101,268.5350647,98948.24219,0.006442559,287.2156677,-2.52866745,3.318017721,0
2015-12-28 10:00:00,0,305.1303101,268.5350647,98948.24219,0.006442559,287.2156677,-2.52866745,3.318017721,0
2015-12-28 11:00:00,0,305.1303101,268.5350647,98948.24219,0.006442559,287.2156677,-2.52866745,3.318017721,0
2015-12-28 12:00:00,0,305.1303101,268.5350647,98948.24219,0.006442559,287.2156677,-2.52866745,3.318017721,0
2015-12-28 13:00:00,0,305.1303101,268.5350647,98948.24219,0.006442559,287.2156677,-2.52866745,3.318017721,0
2015-12-28 14:00:00,0,305.1303101,268.5350647,98948.24219,0.006442559,287.2156677,-2.52866745,3.318017721,0
2015-12-28 15:00:00,0,305.1303101,268.5350647,98948.24219,0.006442559,287.2156677,-2.52866745,3.318017721,0
2015-12-28 16:00:00,0,305.1303101,268.5350647,98948.24219,0.006442559,287.2156677,-2.52866745,3.318017721,0
2015-12-28 17:00:00,0,305.1303101,268.5350647,98948.24219,0.006442559,287.2156677,-2.52866745,3.318017721,0
2015-12-28 18:00:00,0,305.1303101,268.5350647,98948.24219,0.006442559,287.2156677,-2.52866745,3.318017721,0
2015-12-28 19:00:00,0,305.1303101,268.5350647,98948.24219,0.006442559,287.2156677,-2.52866745,3.318017721,0
2015-12-28 20:00:00,0,305.1303101,268.5350647,98948.24219,0.006442559,287.2156677,-2.52866745,3.318017721,0
2015-12-28 21:00:00,0,305.1303101,268.5350647,98948.24219,0.006442559,287.2156677,-2.52866745,3.318017721,0
2015-12-28 22:00:00,0,305.1303101,268.5350647,98948.24219,0.006442559,287.2156677,-2.52866745,3.318017721,0
2015-12-28 23:00:00,0,305.1303101,268.5350647,98948.24219,0.006442559,287.2156677,-2.52866745,3.318017721,0
2015-12-29 00:00:00,0,305.1303101,268.5350647,98948.24219,0.006442559,287.2156677,-2.52866745,3.318017721,0
2015-12-29 01:00:00,0,305.1303101,268.5350647,98948.24219,0.006442559,287.2156677,-2.52866745,3.318017721,0
2015-12-29 02:00:00,0,305.1303101,268.5350647,98948.24219,0.006442559,287.2156677,-2.52866745,3.318017721,0
2015-12-29 03:00:00,0,305.1303101,268.5350647,98948.24219,0.006442559,287.2156677,-2.52866745,3.318017721,0
2015-12-29 04:00:00,0,305.1303101,268.5350647,98948.24219,0.006442559,287.2156677,-2.52866745,3.318017721,0
2015-12-29 05:00:00,0,305.1303101,268.5350647,98948.24219,0.006442559,287.2156677,-2.52866745,3.318017721,0
2015-12-29 06:00:00,0,305.1303101,268.5350647,98948.24219,0.006442559,287.2156677,-2.52866745,3.318017721,0
2015-12-29 07:00:00,0,305.1303101,268.5350647,98948.24219,0.006442559,287.2156677,-2.52866745,3.318017721,0
2015-12-29 08:00:00,0,305.1303101,268.5350647,98948.24219,0.006442559,287.2156677,-2.52866745,3.318017721,0
2015-12-29 09:00:00,0,305.1303101,268.5350647,98948.24219,0.006442559,287.2156677,-2.52866745,3.318017721,0
2015-12-29 10:00:00,0,305.1303101,268.5350647,98948.24219,0.006442559,287.2156677,-2.52866745,3.318017721,0
2015-12-29 11:00:00,0,305.1303101,268.5350647,98948.24219,0.006442559,287.2156677,-2.52866745,3.318017721,0
2015-12-29 12:00:00,0,305.1303101,268.5350647,98948.24219,0.006442559,287.2156677,-2.52866745,3.318017721,0
2015-12-29 13:00:00,0,305.1303101,268.5350647,98948.24219,0.006442559,287.2156677,-2.52866745,3.318017721,0
2015-12-29 14:00:00,0,305.1303101,268.5350647,98948.24219,0.006442559,287.2156677,-2.52866745,3.318017721,0
2015-12-29 15:00:00,0,305.1303101,268.5350647,98948.24219,0.006442559,287.2156677,-2.52866745,3.318017721,0
2015-12-29 16:00:00,0,305.1303101,268.5350647,98948.24219,0.006442559,287.2156677,-2.52866745,3.318017721,0
2015-12-29 17:00:00,0,305.1303101,268.5350647,98948.24219,0.006442559,287.2156677,-2.52866745,3.318017721,0
2015-12-29 18:00:00,0,305.1303101,268.5350647,98948.24219,0.006442559,287.2156677,-2.52866745,3.318017721,0
2015-12-29 19:00:00,0,305.1303101,268.5350647,98948.24219,0.006442559,287.2156677,-2.52866745,3.318017721,0
2015-12-29 20:00:00,0,305.1303101,268.5350647,98948.24219,0.006442559,287.2156677,-2.52866745,3.318017721,0
2015-12-29 21:00:00,0,305.1303101,268.5350647,98948.24219,0.006442559,287.2156677,-2.52866745,3.318017721,0
2015-12-29 22:00:00,0,305.1303101,268.5350647,98948.24219,0.006442559,287.2156677,-2.52866745,3.318017721,0
2015-12-29 23:00:00,0,305.1303101,268.5350647,98948.24219,0.006442559,287.2156677,-2.52866745,3.318017721,0
2015-12-30 00:00:00,0,305.1303101,268.5350647,98948.24219,0.006442559,287.2156677,-2.52866745,3.318017721,0
2015-12-30 01:00:00,0,305.1303101,268.5350647,98948.24219,0.006442559,287.2156677,-2.52866745,3.318017721,0
2015-12-30 02:00:00,0,305.1303101,268.5350647,98948.24219,0.006442559,287.2156677,-2.52866745,3.318017721,0
2015-12-30 03:00:00,0,305.1303101,268.5350647,98948.24219,0.006442559,287.2156677,-2.52866745,3.318017721,0
2015-12-30 04:00:00,0,305.1303101,268.5350647,98948.24219,0.006442559,287.2156677,-2.52866745,3.318017721,0
2015-12-30 05:00:00,0,305.1303101,268.5350647,98948.24219,0.006442559,287.2156677,-2.52866745,3.318017721,0
2015-12-30 06:00:00,0,305.1303101,268.5350647,98948.24219,0.006442559,287.2156677,-2.52866745,3.318017721,0
2015-12-30 07:00:00,0,305.1303101,268.5350647,98948.24219,0.006442559,287.2156677,-2.52866745,3.318017721,0
2015-12-30 08:00:00,0,305.1303101,268.5350647,98948.24219,0.006442559,287.2156677,-2.52866745,3.318017721,0
2015-12-30 09:00:00,0,305.1303101,268.5350647,98948.24219,0.006442559,287.2156677,-2.52866745,3.318017721,0
2015-12-30 10:00:00,0,305.1303101,268.5350647,98948.24219,0.006442559,287.2156677,-2.52866745,3.318017721,0
2015-12-30 11:00:00,0,305.1303101,268.5350647,98948.24219,0.006442559,287.2156677,-2.52866745,3.318017721,0
2015-12-30 12:00:00,0,305.1303101,268.5350647,98948.24219,0.006442559,287.2156677,-2.52866745,3.318017721,0
2015-12-30 13:00:00,0,305.1303101,268.5350647,98948.24219,0.006442559,287.2156677,-2.52866745,3.318017721,0
2015-12-30 14:00:00,0,305.1303101,268.5350647,98948.24219,0.006442559,287.2156677,-2.52866745,3.318017721,0
2015-12-30 15:00:00,0,305.1303101,268.5350647,98948.24219,0.006442559,287.2156677,-2.52866745,3.318017721,0
2015-12-30 16:00:00,0,305.1303101,268.5350647,98948.24219,0.006442559,287.2156677,-2.52866745,3.318017721,0
2015-12-30 17:00:00,0,305.1303101,268.5350647,98948.24219,0.006442559,287.2156677,-2.52866745,3.318017721,0
2015-12-30 18:00:00,0,305.1303101,268.5350647,98948.24219,0.006442559,287.2156677,-2.52866745,3.318017721,0
2015-12-30 19:00:00,0,305.1303101,268.5350647,98948.24219,0.006442559,287.2156677,-2.52866745,3.318017721,0
2015-12-30 20:00:00,0,305.1303101,268.5350647,98948.24219,0.006442559,287.2156677,-2.52866745,3.318017721,0
2015-12-30 21:00:00,0,305.1303101,268.5350647,98948.24219,0.006442559,287.2156677,-2.52866745,3.318017721,0
2015-12-30 22:00:00,0,305.1303101,268.5350647,98948.24219,0.006442559,287.2156677,-2.52866745,3.318017721,0
2015-12-30 23:00:00,0,305.1303101,268.5350647,98948.24219,0.006442559,287.2156677,-2.52866745,3.318017721,0
