time,APCP_surface,DLWRF_surface,DSWRF_surface,PRES_surface,SPFH_2maboveground,TMP_2maboveground,UGRD_10maboveground,VGRD_10maboveground,precip_rate
2015-12-01 00:00:00,0.0,361.20001220703125,0.0,100530.0,0.010499999858438969,287.5,-2.6000001430511475,0.0,0.0
2015-12-01 01:00:00,0.0,361.20001220703125,0.0,100610.0,0.009800000116229057,287.3000183105469,-2.700000047683716,-0.30000001192092896,0.0
2015-12-01 02:00:00,0.0,361.20001220703125,0.0,100600.0,0.009099999442696571,286.6000061035156,-2.799999952316284,-0.6000000238418579,0.0
2015-12-01 03:00:00,0.0,357.6000061035156,0.0,100570.0,0.008700000122189522,285.5,-2.9000000953674316,-0.9000000357627869,0.0
2015-12-01 04:00:00,0.0,357.6000061035156,0.0,100590.0,0.00839999970048666,284.3000183105469,-2.6000001430511475,-0.30000001192092896,0.0
2015-12-01 05:00:00,0.0,357.6000061035156,0.0,100540.0,0.007999999448657036,283.8999938964844,-2.299999952316284,0.4000000059604645,0.0
2015-12-01 06:00:00,0.0,344.1000061035156,0.0,100510.0,0.007699999958276749,283.6000061035156,-2.0,1.0,0.0
2015-12-01 07:00:00,0.0,344.1000061035156,0.0,100490.0,0.007400000002235174,283.20001220703125,-2.1000001430511475,0.699999988079071,0.0
2015-12-01 08:00:00,0.0,344.1000061035156,0.0,100550.0,0.007199999876320362,282.8999938964844,-2.200000047683716,0.5,0.0
2015-12-01 09:00:00,0.0,335.0,0.0,100460.0,0.00699999975040555,282.5,-2.299999952316284,0.20000000298023224,0.0
2015-12-01 10:00:00,0.0,335.0,0.0,100470.0,0.00699999975040555,282.3000183105469,-2.4000000953674316,0.6000000238418579,0.0
2015-12-01 11:00:00,0.0,335.0,0.0,100480.0,0.0071000000461936,282.3000183105469,-2.4000000953674316,0.9000000357627869,0.0
2015-12-01 12:00:00,0.0,350.3999938964844,0.0,100530.0,0.00699999975040555,282.0,-2.4000000953674316,1.3000000715255737,0.0
2015-12-01 13:00:00,0.0,350.3999938964844,85.0999984741211,100560.0,0.00699999975040555,281.8999938964844,-2.6000001430511475,1.2000000476837158,0.0
2015-12-01 14:00:00,0.0,350.3000183105469,195.40000915527344,100610.0,0.006899999920278788,282.5,-2.700000047683716,1.100000023841858,0.0
2015-12-01 15:00:00,0.0,397.0,220.0,100600.0,0.00699999975040555,282.3999938964844,-2.9000000953674316,1.0,0.0
2015-12-01 16:00:00,0.0,397.0,264.70001220703125,100520.0,0.007199999876320362,282.8000183105469,-2.200000047683716,1.7000000476837158,0.0
2015-12-01 17:00:00,0.0,397.0,276.5,100510.0,0.007499999832361937,283.1000061035156,-1.5,2.299999952316284,0.0
2015-12-01 18:00:00,0.0,385.3999938964844,395.20001220703125,100400.0,0.007699999958276749,283.5,-0.800000011920929,3.0,0.0
2015-12-01 19:00:00,0.0,385.3999938964844,345.6000061035156,100340.0,0.008100000210106373,284.3999938964844,-0.800000011920929,2.9000000953674316,0.0
2015-12-01 20:00:00,0.0,385.3999938964844,268.20001220703125,100310.0,0.008200000040233135,284.70001220703125,-0.9000000357627869,2.799999952316284,0.0
2015-12-01 21:00:00,0.0,394.3000183105469,120.5999984741211,100160.0,0.008200000040233135,284.3999938964844,-0.9000000357627869,2.700000047683716,0.0
2015-12-01 22:00:00,0.0,394.3000183105469,21.0,100200.0,0.00839999970048666,285.1000061035156,-1.3000000715255737,2.299999952316284,0.0
2015-12-01 23:00:00,0.0,394.3000183105469,0.0,100240.0,0.008599999360740185,285.1000061035156,-1.7000000476837158,1.8000000715255737,0.0
2015-12-02 00:00:00,0.0,383.3000183105469,0.0,100190.0,0.008599999360740185,285.20001220703125,-2.1000001430511475,1.399999976158142,0.0
2015-12-02 01:00:00,0.0,383.3000183105469,0.0,100240.0,0.008799999952316284,285.3000183105469,-2.0,1.3000000715255737,0.0
2015-12-02 02:00:00,0.0,383.3000183105469,0.0,100210.0,0.008799999952316284,285.6000061035156,-2.0,1.100000023841858,0.0
2015-12-02 03:00:00,0.0,371.3999938964844,0.0,100120.0,0.008899999782443047,285.70001220703125,-2.0,1.0,0.0
2015-12-02 04:00:00,0.0,371.3999938964844,0.0,100070.0,0.009200000204145908,285.8000183105469,-1.8000000715255737,1.600000023841858,0.0
2015-12-02 05:00:00,0.0,371.3999938964844,0.0,100010.0,0.008899999782443047,285.70001220703125,-1.7000000476837158,2.1000001430511475,0.0
2015-12-02 06:00:00,0.0,369.1000061035156,0.0,99970.0,0.009099999442696571,285.8999938964844,-1.600000023841858,2.700000047683716,0.0
2015-12-02 07:00:00,0.0,369.20001220703125,0.0,99880.0,0.009399999864399433,286.1000061035156,-1.600000023841858,3.0,0.0
2015-12-02 08:00:00,0.0,369.20001220703125,0.0,99870.0,0.009800000116229057,287.0,-1.7000000476837158,3.4000000953674316,9.493307095661946e-08
2015-12-02 09:00:00,0.20000000298023224,370.6000061035156,0.0,99740.0,0.00969999935477972,286.70001220703125,-1.7000000476837158,3.799999952316284,0.0
2015-12-02 10:00:00,0.0,370.6000061035156,0.0,99720.0,0.010499999858438969,288.0,-1.600000023841858,3.700000047683716,0.0
2015-12-02 11:00:00,0.0,370.6000061035156,0.0,99710.0,0.010999999940395355,288.6000061035156,-1.5,3.6000001430511475,0.0
2015-12-02 12:00:00,0.0,380.8999938964844,0.0,99710.0,0.01119999960064888,289.3999938964844,-1.399999976158142,3.4000000953674316,0.0
2015-12-02 13:00:00,0.0,380.8999938964844,72.5,99740.0,0.011699999682605267,289.70001220703125,-0.699999988079071,3.4000000953674316,0.0
2015-12-02 14:00:00,0.0,380.8000183105469,168.60000610351562,99710.0,0.01209999993443489,290.3000183105469,0.0,3.299999952316284,2.439501431328691e-07
2015-12-02 15:00:00,0.5,405.1000061035156,130.8000030517578,99850.0,0.012000000104308128,290.3000183105469,0.699999988079071,3.299999952316284,3.9032023482881514e-07
2015-12-02 16:00:00,0.800000011920929,405.1000061035156,157.5,99840.0,0.011699999682605267,289.8000183105469,1.3000000715255737,3.4000000953674316,9.716329458139992e-08
2015-12-02 17:00:00,0.20000000298023224,405.1000061035156,164.6999969482422,99710.0,0.011799999512732029,290.1000061035156,1.899999976158142,3.5,0.0
2015-12-02 18:00:00,0.0,397.5,145.10000610351562,99550.0,0.011699999682605267,290.3999938964844,2.5,3.6000001430511475,0.0
2015-12-02 19:00:00,0.0,397.5,126.9000015258789,99520.0,0.011399999260902405,290.20001220703125,3.299999952316284,3.5,0.0
2015-12-02 20:00:00,0.0,397.5,98.5,99400.0,0.011699999682605267,290.0,4.099999904632568,3.5,0.0
2015-12-02 21:00:00,0.0,376.20001220703125,67.70000457763672,99390.0,0.01209999993443489,290.3999938964844,4.900000095367432,3.4000000953674316,0.0
2015-12-02 22:00:00,0.0,376.20001220703125,11.699999809265137,99410.0,0.01119999960064888,289.8999938964844,5.0,3.9000000953674316,0.0
2015-12-02 23:00:00,0.0,376.20001220703125,0.0,99530.0,0.008799999952316284,289.0,5.0,4.5,0.0
2015-12-03 00:00:00,0.0,350.8000183105469,0.0,99570.0,0.0072999997064471245,287.3000183105469,5.099999904632568,5.099999904632568,0.0
2015-12-03 01:00:00,0.0,350.8000183105469,0.0,99600.0,0.0066999997943639755,286.20001220703125,4.900000095367432,4.400000095367432,0.0
2015-12-03 02:00:00,0.0,350.8999938964844,0.0,99680.0,0.0064999996684491634,285.8000183105469,4.800000190734863,3.799999952316284,0.0
2015-12-03 03:00:00,0.0,296.70001220703125,0.0,99700.0,0.006199999712407589,284.8999938964844,4.599999904632568,3.1000001430511475,0.0
2015-12-03 04:00:00,0.0,296.70001220703125,0.0,99740.0,0.006000000052154064,284.3000183105469,4.5,2.200000047683716,0.0
2015-12-03 05:00:00,0.0,296.70001220703125,0.0,99850.0,0.006000000052154064,283.3999938964844,4.400000095367432,1.399999976158142,0.0
2015-12-03 06:00:00,0.0,279.3999938964844,0.0,99880.0,0.0058999997563660145,282.8000183105469,4.200000286102295,0.5,0.0
2015-12-03 07:00:00,0.0,279.3999938964844,0.0,99930.0,0.0058999997563660145,282.20001220703125,3.700000047683716,-0.20000000298023224,0.0
2015-12-03 08:00:00,0.0,279.3999938964844,0.0,100020.0,0.005799999926239252,281.6000061035156,3.299999952316284,-0.9000000357627869,0.0
2015-12-03 09:00:00,0.0,257.1000061035156,0.0,100040.0,0.005799999926239252,281.0,2.799999952316284,-1.600000023841858,0.0
2015-12-03 10:00:00,0.0,257.1000061035156,0.0,100130.0,0.005699999630451202,280.6000061035156,2.200000047683716,-2.1000001430511475,0.0
2015-12-03 11:00:00,0.0,257.1000061035156,0.0,100240.0,0.005499999970197678,280.5,1.600000023841858,-2.6000001430511475,0.0
2015-12-03 12:00:00,0.0,254.0,0.0,100340.0,0.004999999888241291,279.70001220703125,1.0,-3.1000001430511475,0.0
2015-12-03 13:00:00,0.0,254.0,111.5999984741211,100460.0,0.004799999762326479,279.70001220703125,0.20000000298023224,-3.9000000953674316,0.0
2015-12-03 14:00:00,0.0,254.0,263.1000061035156,100550.0,0.00419999985024333,281.20001220703125,-0.6000000238418579,-4.800000190734863,0.0
2015-12-03 15:00:00,0.0,268.0,390.6000061035156,100680.0,0.003599999938160181,282.3999938964844,-1.399999976158142,-5.599999904632568,0.0
2015-12-03 16:00:00,0.0,268.0,471.3000183105469,100720.0,0.003499999875202775,283.1000061035156,-1.7000000476837158,-5.200000286102295,0.0
2015-12-03 17:00:00,0.0,268.0,493.3000183105469,100690.0,0.003599999938160181,283.5,-2.0,-4.900000095367432,0.0
2015-12-03 18:00:00,0.0,270.8999938964844,491.8999938964844,100700.0,0.003499999875202775,283.6000061035156,-2.299999952316284,-4.5,0.0
2015-12-03 19:00:00,0.0,270.8999938964844,430.6000061035156,100660.0,0.003700000001117587,283.8000183105469,-1.899999976158142,-4.300000190734863,0.0
2015-12-03 20:00:00,0.0,270.8999938964844,334.1000061035156,100750.0,0.003599999938160181,283.8999938964844,-1.600000023841858,-4.099999904632568,0.0
2015-12-03 21:00:00,0.0,255.8000030517578,180.6999969482422,100750.0,0.0037999998312443495,283.3000183105469,-1.3000000715255737,-3.9000000953674316,0.0
2015-12-03 22:00:00,0.0,255.8000030517578,30.899999618530273,100870.0,0.003999999724328518,282.1000061035156,-1.399999976158142,-3.700000047683716,0.0
2015-12-03 23:00:00,0.0,255.8000030517578,0.0,100930.0,0.004299999680370092,280.3000183105469,-1.5,-3.4000000953674316,0.0
2015-12-04 00:00:00,0.0,236.6999969482422,0.0,101010.0,0.00419999985024333,280.3000183105469,-1.5,-3.1000001430511475,0.0
2015-12-04 01:00:00,0.0,236.6999969482422,0.0,101130.0,0.004299999680370092,279.6000061035156,-1.7000000476837158,-3.1000001430511475,0.0
2015-12-04 02:00:00,0.0,236.6999969482422,0.0,101170.0,0.00419999985024333,278.70001220703125,-1.8000000715255737,-3.0,0.0
2015-12-04 03:00:00,0.0,229.5,0.0,101260.0,0.004299999680370092,278.3000183105469,-1.899999976158142,-2.9000000953674316,0.0
2015-12-04 04:00:00,0.0,229.5,0.0,101300.0,0.00419999985024333,277.6000061035156,-2.0,-2.9000000953674316,0.0
2015-12-04 05:00:00,0.0,229.5,0.0,101270.0,0.003999999724328518,277.5,-2.0,-2.799999952316284,0.0
2015-12-04 06:00:00,0.0,222.5,0.0,101270.0,0.003700000001117587,277.70001220703125,-2.0,-2.799999952316284,0.0
2015-12-04 07:00:00,0.0,222.5,0.0,101400.0,0.0037999998312443495,277.3999938964844,-1.600000023841858,-2.9000000953674316,0.0
2015-12-04 08:00:00,0.0,222.5,0.0,101460.0,0.003700000001117587,276.3999938964844,-1.2000000476837158,-3.1000001430511475,0.0
2015-12-04 09:00:00,0.0,217.0,0.0,101450.0,0.003599999938160181,275.3999938964844,-0.800000011920929,-3.200000047683716,0.0
2015-12-04 10:00:00,0.0,217.0,0.0,101510.0,0.003399999812245369,274.8000183105469,-0.9000000357627869,-3.1000001430511475,0.0
2015-12-04 11:00:00,0.0,217.0,0.0,101540.0,0.003399999812245369,274.3000183105469,-1.100000023841858,-3.0,0.0
2015-12-04 12:00:00,0.0,220.3000030517578,0.0,101610.0,0.0032999999821186066,273.6000061035156,-1.3000000715255737,-2.9000000953674316,0.0
2015-12-04 13:00:00,0.0,220.1999969482422,111.0,101730.0,0.003499999875202775,274.1000061035156,-1.5,-3.200000047683716,0.0
2015-12-04 14:00:00,0.0,220.1999969482422,265.0,101770.0,0.003700000001117587,276.8999938964844,-1.600000023841858,-3.4000000953674316,0.0
2015-12-04 15:00:00,0.0,239.60000610351562,424.20001220703125,101810.0,0.003499999875202775,279.5,-1.8000000715255737,-3.700000047683716,0.0
2015-12-04 16:00:00,0.0,239.60000610351562,512.7000122070312,101760.0,0.003399999812245369,281.8999938964844,-2.4000000953674316,-3.799999952316284,0.0
2015-12-04 17:00:00,0.0,239.60000610351562,537.1000366210938,101720.0,0.0032999999821186066,283.70001220703125,-3.0,-3.799999952316284,0.0
2015-12-04 18:00:00,0.0,248.0,520.2999877929688,101680.0,0.0032999999821186066,284.70001220703125,-3.6000001430511475,-3.9000000953674316,0.0
2015-12-04 19:00:00,0.0,248.0,455.6000061035156,101630.0,0.0031999999191612005,285.5,-3.4000000953674316,-3.700000047683716,0.0
2015-12-04 20:00:00,0.0,248.10000610351562,353.6000061035156,101600.0,0.0031999999191612005,285.3000183105469,-3.200000047683716,-3.5,0.0
2015-12-04 21:00:00,0.0,238.3000030517578,155.40000915527344,101600.0,0.0031999999191612005,285.5,-3.0,-3.299999952316284,0.0
2015-12-04 22:00:00,0.0,238.3000030517578,26.399999618530273,101680.0,0.0032999999821186066,284.1000061035156,-2.1000001430511475,-3.4000000953674316,0.0
2015-12-04 23:00:00,0.0,238.3000030517578,0.0,101620.0,0.003700000001117587,280.3000183105469,-1.3000000715255737,-3.5,0.0
2015-12-05 00:00:00,0.0,226.3000030517578,0.0,101720.0,0.0037999998312443495,279.0,-0.4000000059604645,-3.6000001430511475,0.0
2015-12-05 01:00:00,0.0,226.3000030517578,0.0,101740.0,0.003700000001117587,277.0,-0.699999988079071,-3.4000000953674316,0.0
2015-12-05 02:00:00,0.0,226.3000030517578,0.0,101830.0,0.003700000001117587,277.0,-1.100000023841858,-3.200000047683716,0.0
2015-12-05 03:00:00,0.0,222.60000610351562,0.0,101890.0,0.003700000001117587,276.6000061035156,-1.399999976158142,-3.0,0.0
2015-12-05 04:00:00,0.0,222.60000610351562,0.0,101860.0,0.003599999938160181,276.0,-1.399999976158142,-3.0,0.0
2015-12-05 05:00:00,0.0,222.60000610351562,0.0,101850.0,0.003599999938160181,274.20001220703125,-1.3000000715255737,-3.0,0.0
2015-12-05 06:00:00,0.0,220.8000030517578,0.0,101800.0,0.003499999875202775,273.8999938964844,-1.3000000715255737,-3.0,0.0
2015-12-05 07:00:00,0.0,220.8000030517578,0.0,101920.0,0.003499999875202775,273.8000183105469,-1.3000000715255737,-3.0,0.0
2015-12-05 08:00:00,0.0,220.8000030517578,0.0,101980.0,0.0032999999821186066,272.3999938964844,-1.2000000476837158,-3.1000001430511475,0.0
2015-12-05 09:00:00,0.0,221.60000610351562,0.0,101960.0,0.0032999999821186066,272.6000061035156,-1.2000000476837158,-3.1000001430511475,0.0
2015-12-05 10:00:00,0.0,221.60000610351562,0.0,102000.0,0.0031999999191612005,272.6000061035156,-1.3000000715255737,-3.0,0.0
2015-12-05 11:00:00,0.0,221.60000610351562,0.0,102040.0,0.0032999999821186066,273.3999938964844,-1.399999976158142,-2.9000000953674316,0.0
2015-12-05 12:00:00,0.0,227.8000030517578,0.0,102080.0,0.0032999999821186066,272.8000183105469,-1.5,-2.799999952316284,0.0
2015-12-05 13:00:00,0.0,227.8000030517578,106.9000015258789,102150.0,0.003599999938160181,273.70001220703125,-1.7000000476837158,-3.200000047683716,0.0
2015-12-05 14:00:00,0.0,227.8000030517578,258.8000183105469,102200.0,0.003599999938160181,277.1000061035156,-1.899999976158142,-3.6000001430511475,0.0
2015-12-05 15:00:00,0.0,253.8000030517578,414.5,102230.0,0.003599999938160181,279.8999938964844,-2.1000001430511475,-3.9000000953674316,0.0
2015-12-05 16:00:00,0.0,253.8000030517578,501.8000183105469,102180.0,0.003499999875202775,282.70001220703125,-2.5,-3.9000000953674316,0.0
2015-12-05 17:00:00,0.0,253.8000030517578,526.1000366210938,102070.0,0.003399999812245369,284.20001220703125,-2.9000000953674316,-3.9000000953674316,0.0
2015-12-05 18:00:00,0.0,269.0,507.20001220703125,101960.0,0.003399999812245369,285.5,-3.299999952316284,-3.799999952316284,0.0
2015-12-05 19:00:00,0.0,269.0,444.3000183105469,101880.0,0.003499999875202775,286.70001220703125,-3.0,-3.700000047683716,0.0
2015-12-05 20:00:00,0.0,269.0,344.8999938964844,101860.0,0.003599999938160181,287.20001220703125,-2.6000001430511475,-3.6000001430511475,0.0
2015-12-05 21:00:00,0.0,261.20001220703125,149.0,101890.0,0.003499999875202775,286.3999938964844,-2.299999952316284,-3.5,0.0
2015-12-05 22:00:00,0.0,261.3000183105469,25.200000762939453,101950.0,0.003700000001117587,285.20001220703125,-2.200000047683716,-3.299999952316284,0.0
2015-12-05 23:00:00,0.0,261.3000183105469,0.0,101960.0,0.003999999724328518,282.3999938964844,-2.200000047683716,-3.1000001430511475,0.0
2015-12-06 00:00:00,0.0,250.1999969482422,0.0,101960.0,0.0037999998312443495,281.0,-2.200000047683716,-2.9000000953674316,0.0
2015-12-06 01:00:00,0.0,250.1999969482422,0.0,102030.0,0.0037999998312443495,280.5,-2.200000047683716,-2.9000000953674316,0.0
2015-12-06 02:00:00,0.0,250.1999969482422,0.0,102060.0,0.0038999998942017555,279.8000183105469,-2.200000047683716,-3.0,0.0
2015-12-06 03:00:00,0.0,251.1999969482422,0.0,102000.0,0.0038999998942017555,278.8000183105469,-2.200000047683716,-3.0,0.0
2015-12-06 04:00:00,0.0,251.1999969482422,0.0,102010.0,0.0037999998312443495,277.3000183105469,-2.200000047683716,-2.799999952316284,0.0
2015-12-06 05:00:00,0.0,251.1999969482422,0.0,102030.0,0.0037999998312443495,277.3999938964844,-2.200000047683716,-2.700000047683716,0.0
2015-12-06 06:00:00,0.0,267.70001220703125,0.0,101930.0,0.0038999998942017555,277.5,-2.200000047683716,-2.6000001430511475,0.0
2015-12-06 07:00:00,0.0,267.70001220703125,0.0,101950.0,0.0037999998312443495,277.20001220703125,-2.0,-2.700000047683716,0.0
2015-12-06 08:00:00,0.0,267.70001220703125,0.0,101890.0,0.0038999998942017555,276.8000183105469,-1.8000000715255737,-2.799999952316284,0.0
2015-12-06 09:00:00,0.0,296.3999938964844,0.0,101850.0,0.0038999998942017555,276.3999938964844,-1.600000023841858,-2.799999952316284,0.0
2015-12-06 10:00:00,0.0,296.3999938964844,0.0,101860.0,0.0037999998312443495,275.70001220703125,-1.5,-2.6000001430511475,0.0
2015-12-06 11:00:00,0.0,296.3999938964844,0.0,101860.0,0.0037999998312443495,274.8000183105469,-1.5,-2.4000000953674316,0.0
2015-12-06 12:00:00,0.0,272.8999938964844,0.0,101870.0,0.003700000001117587,274.8000183105469,-1.5,-2.200000047683716,0.0
2015-12-06 13:00:00,0.0,272.8999938964844,102.20000457763672,101920.0,0.0038999998942017555,275.3000183105469,-1.600000023841858,-2.4000000953674316,0.0
2015-12-06 14:00:00,0.0,272.8000183105469,250.90000915527344,101900.0,0.00419999985024333,278.8000183105469,-1.600000023841858,-2.5,0.0
2015-12-06 15:00:00,0.0,279.3000183105469,403.0,101840.0,0.004399999976158142,282.0,-1.7000000476837158,-2.6000001430511475,0.0
2015-12-06 16:00:00,0.0,279.3000183105469,488.5,101810.0,0.004100000020116568,284.3000183105469,-1.8000000715255737,-2.200000047683716,0.0
2015-12-06 17:00:00,0.0,279.3000183105469,512.6000366210938,101680.0,0.003999999724328518,285.8999938964844,-2.0,-1.7000000476837158,0.0
2015-12-06 18:00:00,0.0,296.8999938964844,495.6000061035156,101510.0,0.003700000001117587,287.8999938964844,-2.200000047683716,-1.3000000715255737,0.0
2015-12-06 19:00:00,0.0,296.8999938964844,434.3000183105469,101380.0,0.00419999985024333,289.3000183105469,-2.0,-1.2000000476837158,0.0
2015-12-06 20:00:00,0.0,296.8999938964844,337.20001220703125,101250.0,0.0044999998062849045,290.1000061035156,-1.8000000715255737,-1.2000000476837158,0.0
2015-12-06 21:00:00,0.0,288.20001220703125,152.1999969482422,101200.0,0.004799999762326479,290.0,-1.600000023841858,-1.100000023841858,0.0
2015-12-06 22:00:00,0.0,288.20001220703125,25.700000762939453,101200.0,0.005399999674409628,287.5,-1.5,-0.800000011920929,0.0
2015-12-06 23:00:00,0.0,288.20001220703125,0.0,101190.0,0.005499999970197678,282.70001220703125,-1.5,-0.4000000059604645,0.0
2015-12-07 00:00:00,0.0,278.1000061035156,0.0,101200.0,0.00559999980032444,282.1000061035156,-1.5,-0.10000000149011612,0.0
2015-12-07 01:00:00,0.0,278.1000061035156,0.0,101250.0,0.00559999980032444,281.3000183105469,-1.3000000715255737,-0.30000001192092896,0.0
2015-12-07 02:00:00,0.0,278.1000061035156,0.0,101220.0,0.0052999998442828655,279.5,-1.0,-0.6000000238418579,0.0
2015-12-07 03:00:00,0.0,277.20001220703125,0.0,101170.0,0.0050999997183680534,279.20001220703125,-0.800000011920929,-0.9000000357627869,0.0
2015-12-07 04:00:00,0.0,277.20001220703125,0.0,101120.0,0.004799999762326479,277.6000061035156,-0.5,-1.399999976158142,0.0
2015-12-07 05:00:00,0.0,277.20001220703125,0.0,101090.0,0.004999999888241291,277.8000183105469,-0.10000000149011612,-1.899999976158142,0.0
2015-12-07 06:00:00,0.0,272.1000061035156,0.0,101050.0,0.004799999762326479,277.20001220703125,0.20000000298023224,-2.4000000953674316,0.0
2015-12-07 07:00:00,0.0,272.1000061035156,0.0,101020.0,0.004600000102072954,276.8000183105469,0.10000000149011612,-2.4000000953674316,0.0
2015-12-07 08:00:00,0.0,272.1000061035156,0.0,100930.0,0.0044999998062849045,276.0,0.0,-2.299999952316284,0.0
2015-12-07 09:00:00,0.0,277.3000183105469,0.0,100860.0,0.0044999998062849045,275.8000183105469,-0.10000000149011612,-2.299999952316284,0.0
2015-12-07 10:00:00,0.0,277.3000183105469,0.0,100800.0,0.0044999998062849045,275.5,0.20000000298023224,-2.200000047683716,0.0
2015-12-07 11:00:00,0.0,277.3000183105469,0.0,100820.0,0.0044999998062849045,275.70001220703125,0.4000000059604645,-2.1000001430511475,0.0
2015-12-07 12:00:00,0.0,319.0,0.0,100820.0,0.004399999976158142,275.3999938964844,0.699999988079071,-2.0,0.0
2015-12-07 13:00:00,0.0,318.8999938964844,69.9000015258789,100830.0,0.0044999998062849045,276.0,0.9000000357627869,-1.8000000715255737,0.0
2015-12-07 14:00:00,0.0,318.8999938964844,174.0,100820.0,0.004999999888241291,278.8999938964844,1.0,-1.600000023841858,0.0
2015-12-07 15:00:00,0.0,346.70001220703125,285.70001220703125,100780.0,0.005499999970197678,283.1000061035156,1.100000023841858,-1.399999976158142,0.0
2015-12-07 16:00:00,0.0,346.6000061035156,346.8999938964844,100690.0,0.004900000058114529,286.70001220703125,1.0,-1.5,0.0
2015-12-07 17:00:00,0.0,346.6000061035156,364.3000183105469,100590.0,0.004799999762326479,289.5,0.9000000357627869,-1.7000000476837158,0.0
2015-12-07 18:00:00,0.0,342.1000061035156,424.0,100440.0,0.004999999888241291,290.70001220703125,0.699999988079071,-1.8000000715255737,0.0
2015-12-07 19:00:00,0.0,342.1000061035156,371.70001220703125,100320.0,0.005200000014156103,291.3999938964844,1.0,-1.8000000715255737,0.0
2015-12-07 20:00:00,0.0,342.1000061035156,288.70001220703125,100280.0,0.005399999674409628,291.70001220703125,1.3000000715255737,-1.7000000476837158,0.0
2015-12-07 21:00:00,0.0,350.8000183105469,132.60000610351562,100300.0,0.005499999970197678,291.8999938964844,1.5,-1.7000000476837158,0.0
2015-12-07 22:00:00,0.0,350.8000183105469,22.399999618530273,100340.0,0.005699999630451202,289.70001220703125,1.2000000476837158,-1.5,0.0
2015-12-07 23:00:00,0.0,350.8000183105469,0.0,100340.0,0.005799999926239252,285.8000183105469,0.9000000357627869,-1.3000000715255737,0.0
2015-12-08 00:00:00,0.0,317.1000061035156,0.0,100400.0,0.005799999926239252,283.0,0.5,-1.100000023841858,0.0
2015-12-08 01:00:00,0.0,317.1000061035156,0.0,100480.0,0.005699999630451202,281.8000183105469,0.5,-1.0,0.0
2015-12-08 02:00:00,0.0,317.1000061035156,0.0,100490.0,0.005799999926239252,281.8000183105469,0.6000000238418579,-1.0,0.0
2015-12-08 03:00:00,0.0,272.70001220703125,0.0,100470.0,0.005699999630451202,281.8000183105469,0.6000000238418579,-0.9000000357627869,0.0
2015-12-08 04:00:00,0.0,272.70001220703125,0.0,100500.0,0.005399999674409628,280.8999938964844,0.6000000238418579,-0.6000000238418579,0.0
2015-12-08 05:00:00,0.0,272.70001220703125,0.0,100520.0,0.005200000014156103,279.6000061035156,0.699999988079071,-0.4000000059604645,0.0
2015-12-08 06:00:00,0.0,265.1000061035156,0.0,100440.0,0.005200000014156103,280.70001220703125,0.699999988079071,-0.10000000149011612,0.0
2015-12-08 07:00:00,0.0,265.1000061035156,0.0,100490.0,0.005200000014156103,279.0,0.699999988079071,-0.30000001192092896,0.0
2015-12-08 08:00:00,0.0,265.1000061035156,0.0,100550.0,0.004999999888241291,277.8000183105469,0.800000011920929,-0.5,0.0
2015-12-08 09:00:00,0.0,260.3000183105469,0.0,100470.0,0.004900000058114529,277.3999938964844,0.800000011920929,-0.699999988079071,0.0
2015-12-08 10:00:00,0.0,260.3000183105469,0.0,100440.0,0.004699999932199717,276.0,0.5,-0.699999988079071,0.0
2015-12-08 11:00:00,0.0,260.3000183105469,0.0,100520.0,0.00419999985024333,274.8000183105469,0.10000000149011612,-0.699999988079071,0.0
2015-12-08 12:00:00,0.0,258.0,0.0,100560.0,0.0044999998062849045,275.6000061035156,-0.30000001192092896,-0.699999988079071,0.0
2015-12-08 13:00:00,0.0,257.8999938964844,98.0,100650.0,0.0044999998062849045,275.3999938964844,-0.4000000059604645,-0.6000000238418579,0.0
2015-12-08 14:00:00,0.0,257.8999938964844,247.3000030517578,100670.0,0.005499999970197678,279.5,-0.6000000238418579,-0.4000000059604645,0.0
2015-12-08 15:00:00,0.0,285.20001220703125,404.1000061035156,100730.0,0.00559999980032444,282.8000183105469,-0.699999988079071,-0.30000001192092896,0.0
2015-12-08 16:00:00,0.0,285.20001220703125,491.3000183105469,100710.0,0.005399999674409628,285.70001220703125,-0.699999988079071,0.5,0.0
2015-12-08 17:00:00,0.0,285.20001220703125,516.5,100580.0,0.0052999998442828655,287.8999938964844,-0.699999988079071,1.3000000715255737,0.0
2015-12-08 18:00:00,0.0,291.1000061035156,501.8000183105469,100480.0,0.005200000014156103,289.1000061035156,-0.6000000238418579,2.1000001430511475,0.0
2015-12-08 19:00:00,0.0,291.1000061035156,440.1000061035156,100400.0,0.00559999980032444,290.5,-0.20000000298023224,2.4000000953674316,0.0
2015-12-08 20:00:00,0.0,291.1000061035156,342.0,100420.0,0.0058999997563660145,290.5,0.20000000298023224,2.700000047683716,0.0
2015-12-08 21:00:00,0.0,279.8999938964844,148.40000915527344,100320.0,0.006399999838322401,290.0,0.6000000238418579,3.0,0.0
2015-12-08 22:00:00,0.0,279.8999938964844,25.200000762939453,100360.0,0.006399999838322401,288.3999938964844,0.20000000298023224,2.799999952316284,0.0
2015-12-08 23:00:00,0.0,279.8999938964844,0.0,100370.0,0.0064999996684491634,284.3999938964844,-0.10000000149011612,2.5,0.0
2015-12-09 00:00:00,0.0,263.8999938964844,0.0,100390.0,0.006599999964237213,282.3999938964844,-0.4000000059604645,2.299999952316284,0.0
2015-12-09 01:00:00,0.0,263.8999938964844,0.0,100480.0,0.006399999838322401,281.70001220703125,-0.699999988079071,2.299999952316284,0.0
2015-12-09 02:00:00,0.0,263.8999938964844,0.0,100490.0,0.006300000008195639,281.20001220703125,-1.0,2.299999952316284,0.0
2015-12-09 03:00:00,0.0,258.70001220703125,0.0,100430.0,0.0058999997563660145,280.1000061035156,-1.399999976158142,2.299999952316284,0.0
2015-12-09 04:00:00,0.0,258.70001220703125,0.0,100430.0,0.005699999630451202,279.5,-0.800000011920929,2.1000001430511475,0.0
2015-12-09 05:00:00,0.0,258.70001220703125,0.0,100430.0,0.005499999970197678,278.8999938964844,-0.30000001192092896,2.0,0.0
2015-12-09 06:00:00,0.0,255.60000610351562,0.0,100400.0,0.005200000014156103,278.3999938964844,0.30000001192092896,1.899999976158142,0.0
2015-12-09 07:00:00,0.0,255.60000610351562,0.0,100440.0,0.004999999888241291,277.8000183105469,0.10000000149011612,1.8000000715255737,0.0
2015-12-09 08:00:00,0.0,255.60000610351562,0.0,100450.0,0.004999999888241291,277.5,0.0,1.7000000476837158,0.0
2015-12-09 09:00:00,0.0,256.8999938964844,0.0,100350.0,0.005200000014156103,278.0,-0.20000000298023224,1.600000023841858,0.0
2015-12-09 10:00:00,0.0,256.8999938964844,0.0,100370.0,0.004999999888241291,277.6000061035156,-0.4000000059604645,1.899999976158142,0.0
2015-12-09 11:00:00,0.0,256.8999938964844,0.0,100400.0,0.004900000058114529,277.0,-0.6000000238418579,2.200000047683716,0.0
2015-12-09 12:00:00,0.0,267.6000061035156,0.0,100430.0,0.004299999680370092,275.1000061035156,-0.699999988079071,2.5,0.0
2015-12-09 13:00:00,0.0,267.6000061035156,94.4000015258789,100470.0,0.0044999998062849045,275.3999938964844,-0.699999988079071,1.899999976158142,0.0
2015-12-09 14:00:00,0.0,267.6000061035156,241.60000610351562,100540.0,0.0052999998442828655,278.8000183105469,-0.6000000238418579,1.2000000476837158,0.0
2015-12-09 15:00:00,0.0,295.8000183105469,376.0,100480.0,0.006000000052154064,282.3000183105469,-0.6000000238418579,0.5,0.0
2015-12-09 16:00:00,0.0,295.8000183105469,457.8999938964844,100450.0,0.00559999980032444,286.5,-0.30000001192092896,1.2000000476837158,0.0
2015-12-09 17:00:00,0.0,295.70001220703125,481.8999938964844,100290.0,0.004900000058114529,289.3999938964844,0.0,1.8000000715255737,0.0
2015-12-09 18:00:00,0.0,304.3000183105469,491.5,100150.0,0.004699999932199717,290.20001220703125,0.4000000059604645,2.4000000953674316,0.0
2015-12-09 19:00:00,0.0,304.3000183105469,431.3999938964844,100050.0,0.004600000102072954,291.0,0.800000011920929,2.200000047683716,0.0
2015-12-09 20:00:00,0.0,304.3000183105469,335.3999938964844,100040.0,0.004299999680370092,291.3000183105469,1.2000000476837158,2.1000001430511475,0.0
2015-12-09 21:00:00,0.0,292.3000183105469,145.1999969482422,100020.0,0.004600000102072954,290.8000183105469,1.600000023841858,1.899999976158142,0.0
2015-12-09 22:00:00,0.0,292.3000183105469,24.700000762939453,100070.0,0.004999999888241291,288.20001220703125,1.899999976158142,1.100000023841858,0.0
2015-12-09 23:00:00,0.0,292.3000183105469,0.0,100080.0,0.0050999997183680534,284.70001220703125,2.200000047683716,0.30000001192092896,0.0
2015-12-10 00:00:00,0.0,274.6000061035156,0.0,100090.0,0.005200000014156103,284.0,2.5,-0.5,0.0
2015-12-10 01:00:00,0.0,274.6000061035156,0.0,100120.0,0.005399999674409628,282.0,2.200000047683716,-0.9000000357627869,0.0
2015-12-10 02:00:00,0.0,274.70001220703125,0.0,100160.0,0.005200000014156103,281.3000183105469,1.899999976158142,-1.2000000476837158,0.0
2015-12-10 03:00:00,0.0,272.70001220703125,0.0,100100.0,0.0050999997183680534,281.3999938964844,1.600000023841858,-1.600000023841858,0.0
2015-12-10 04:00:00,0.0,272.70001220703125,0.0,100080.0,0.0052999998442828655,281.3999938964844,1.600000023841858,-1.3000000715255737,0.0
2015-12-10 05:00:00,0.0,272.70001220703125,0.0,100140.0,0.005399999674409628,281.0,1.600000023841858,-0.9000000357627869,0.0
2015-12-10 06:00:00,0.0,280.6000061035156,0.0,100110.0,0.005399999674409628,279.3000183105469,1.600000023841858,-0.5,0.0
2015-12-10 07:00:00,0.0,280.6000061035156,0.0,100070.0,0.0050999997183680534,280.3000183105469,1.600000023841858,-0.5,0.0
2015-12-10 08:00:00,0.0,280.6000061035156,0.0,100060.0,0.005200000014156103,279.5,1.600000023841858,-0.4000000059604645,0.0
2015-12-10 09:00:00,0.0,314.70001220703125,0.0,100050.0,0.0052999998442828655,279.6000061035156,1.600000023841858,-0.30000001192092896,0.0
2015-12-10 10:00:00,0.0,314.70001220703125,0.0,100030.0,0.0050999997183680534,279.6000061035156,0.9000000357627869,-0.20000000298023224,0.0
2015-12-10 11:00:00,0.0,314.70001220703125,0.0,100070.0,0.005200000014156103,279.3000183105469,0.20000000298023224,0.0,0.0
2015-12-10 12:00:00,0.0,298.8999938964844,0.0,100070.0,0.005200000014156103,278.6000061035156,-0.5,0.20000000298023224,0.0
2015-12-10 13:00:00,0.0,298.8999938964844,91.9000015258789,100190.0,0.004799999762326479,277.8999938964844,0.0,0.0,0.0
2015-12-10 14:00:00,0.0,298.8999938964844,238.6999969482422,100170.0,0.005699999630451202,282.5,0.5,-0.10000000149011612,0.0
2015-12-10 15:00:00,0.0,304.5,390.70001220703125,100250.0,0.006300000008195639,286.8999938964844,1.0,-0.20000000298023224,0.0
2015-12-10 16:00:00,0.0,304.5,476.3999938964844,100190.0,0.0071000000461936,289.8000183105469,1.399999976158142,0.6000000238418579,0.0
2015-12-10 17:00:00,0.0,304.3999938964844,501.8000183105469,100040.0,0.007599999662488699,292.5,1.899999976158142,1.5,0.0
2015-12-10 18:00:00,0.0,345.8999938964844,421.5,99990.0,0.007899999618530273,293.3999938964844,2.299999952316284,2.299999952316284,0.0
2015-12-10 19:00:00,0.0,345.8999938964844,370.1000061035156,99930.0,0.007699999958276749,293.6000061035156,2.0,2.799999952316284,0.0
2015-12-10 20:00:00,0.0,345.8999938964844,287.8999938964844,99930.0,0.007599999662488699,293.6000061035156,1.7000000476837158,3.299999952316284,0.0
2015-12-10 21:00:00,0.0,342.3999938964844,129.8000030517578,99900.0,0.007799999788403511,293.1000061035156,1.399999976158142,3.799999952316284,0.0
2015-12-10 22:00:00,0.0,342.3999938964844,22.30000114440918,99950.0,0.007699999958276749,291.70001220703125,1.100000023841858,3.5,0.0
2015-12-10 23:00:00,0.0,342.3999938964844,0.0,99940.0,0.008100000210106373,288.8999938964844,0.699999988079071,3.200000047683716,0.0
2015-12-11 00:00:00,0.0,343.6000061035156,0.0,99940.0,0.008200000040233135,287.3000183105469,0.30000001192092896,2.9000000953674316,0.0
2015-12-11 01:00:00,0.0,343.6000061035156,0.0,100000.0,0.008100000210106373,287.6000061035156,0.10000000149011612,2.6000001430511475,0.0
2015-12-11 02:00:00,0.0,343.6000061035156,0.0,100050.0,0.007799999788403511,285.6000061035156,-0.10000000149011612,2.299999952316284,0.0
2015-12-11 03:00:00,0.0,366.20001220703125,0.0,100050.0,0.007899999618530273,285.3000183105469,-0.20000000298023224,2.0,0.0
2015-12-11 04:00:00,0.0,366.20001220703125,0.0,100040.0,0.007699999958276749,284.8999938964844,0.10000000149011612,2.200000047683716,0.0
2015-12-11 05:00:00,0.0,366.20001220703125,0.0,100000.0,0.007699999958276749,285.5,0.4000000059604645,2.5,0.0
2015-12-11 06:00:00,0.0,368.3000183105469,0.0,99960.0,0.0072999997064471245,284.8000183105469,0.699999988079071,2.700000047683716,0.0
2015-12-11 07:00:00,0.0,368.3000183105469,0.0,99970.0,0.007699999958276749,285.0,1.100000023841858,2.5,0.0
2015-12-11 08:00:00,0.0,368.3000183105469,0.0,100010.0,0.007499999832361937,285.3000183105469,1.5,2.200000047683716,0.0
2015-12-11 09:00:00,0.0,310.0,0.0,99980.0,0.007599999662488699,284.8999938964844,1.8000000715255737,1.899999976158142,0.0
2015-12-11 10:00:00,0.0,310.0,0.0,100000.0,0.0072999997064471245,283.70001220703125,1.600000023841858,2.0,0.0
2015-12-11 11:00:00,0.0,310.0,0.0,100130.0,0.007499999832361937,283.70001220703125,1.3000000715255737,2.0,0.0
2015-12-11 12:00:00,0.0,299.1000061035156,0.0,100150.0,0.007400000002235174,282.5,1.0,2.1000001430511475,0.0
2015-12-11 13:00:00,0.0,299.1000061035156,87.5999984741211,100230.0,0.007599999662488699,283.8999938964844,1.100000023841858,1.899999976158142,0.0
2015-12-11 14:00:00,0.0,299.1000061035156,230.8000030517578,100320.0,0.008599999360740185,285.20001220703125,1.3000000715255737,1.600000023841858,0.0
2015-12-11 15:00:00,0.0,331.3999938964844,382.3999938964844,100360.0,0.00969999935477972,287.6000061035156,1.399999976158142,1.399999976158142,0.0
2015-12-11 16:00:00,0.0,331.3999938964844,467.0,100390.0,0.00989999994635582,288.5,1.7000000476837158,2.1000001430511475,0.0
2015-12-11 17:00:00,0.0,331.3999938964844,492.3000183105469,100370.0,0.010199999436736107,289.70001220703125,2.0,2.799999952316284,0.0
2015-12-11 18:00:00,0.0,353.6000061035156,474.3999938964844,100310.0,0.01119999960064888,291.5,2.4000000953674316,3.5,0.0
2015-12-11 19:00:00,0.0,353.6000061035156,416.8000183105469,100300.0,0.010599999688565731,294.70001220703125,2.299999952316284,3.700000047683716,0.0
2015-12-11 20:00:00,0.0,353.6000061035156,324.3999938964844,100230.0,0.010199999436736107,295.3000183105469,2.299999952316284,3.799999952316284,0.0
2015-12-11 21:00:00,0.0,347.6000061035156,137.5,100210.0,0.010400000028312206,294.8000183105469,2.200000047683716,4.0,0.0
2015-12-11 22:00:00,0.0,347.6000061035156,23.80000114440918,100250.0,0.010699999518692493,293.20001220703125,1.7000000476837158,3.799999952316284,0.0
2015-12-11 23:00:00,0.0,347.6000061035156,0.0,100290.0,0.010699999518692493,290.20001220703125,1.100000023841858,3.5,0.0
2015-12-12 00:00:00,0.0,331.3999938964844,0.0,100330.0,0.010900000110268593,290.20001220703125,0.5,3.299999952316284,0.0
2015-12-12 01:00:00,0.0,331.3999938964844,0.0,100420.0,0.009999999776482582,288.3000183105469,0.5,3.200000047683716,0.0
2015-12-12 02:00:00,0.0,331.3999938964844,0.0,100420.0,0.00989999994635582,287.6000061035156,0.5,3.1000001430511475,0.0
2015-12-12 03:00:00,0.0,328.0,0.0,100480.0,0.010099999606609344,288.0,0.5,3.0,0.0
2015-12-12 04:00:00,0.0,328.0,0.0,100510.0,0.009800000116229057,287.20001220703125,1.100000023841858,3.0,0.0
2015-12-12 05:00:00,0.0,328.0,0.0,100560.0,0.009399999864399433,286.8000183105469,1.8000000715255737,3.0,0.0
2015-12-12 06:00:00,0.0,325.20001220703125,0.0,100600.0,0.00969999935477972,287.1000061035156,2.5,3.0,0.0
2015-12-12 07:00:00,0.0,325.20001220703125,0.0,100630.0,0.009800000116229057,287.70001220703125,2.4000000953674316,2.9000000953674316,0.0
2015-12-12 08:00:00,0.0,325.20001220703125,0.0,100660.0,0.00969999935477972,287.3999938964844,2.200000047683716,2.799999952316284,0.0
2015-12-12 09:00:00,0.0,319.8000183105469,0.0,100670.0,0.009599999524652958,287.5,2.1000001430511475,2.700000047683716,0.0
2015-12-12 10:00:00,0.0,319.8000183105469,0.0,100670.0,0.00969999935477972,287.3999938964844,1.600000023841858,2.700000047683716,0.0
2015-12-12 11:00:00,0.0,319.8999938964844,0.0,100740.0,0.009499999694526196,286.8999938964844,1.2000000476837158,2.6000001430511475,0.0
2015-12-12 12:00:00,0.0,316.8999938964844,0.0,100830.0,0.009099999442696571,286.20001220703125,0.800000011920929,2.6000001430511475,0.0
2015-12-12 13:00:00,0.0,316.8999938964844,84.4000015258789,100870.0,0.009399999864399433,286.5,1.2000000476837158,2.4000000953674316,0.0
2015-12-12 14:00:00,0.0,316.8999938964844,225.40000915527344,100930.0,0.009999999776482582,288.1000061035156,1.600000023841858,2.200000047683716,0.0
2015-12-12 15:00:00,0.0,342.3999938964844,377.3000183105469,100960.0,0.010799999348819256,291.1000061035156,1.899999976158142,2.0,0.0
2015-12-12 16:00:00,0.0,342.3999938964844,461.5,100960.0,0.010900000110268593,293.20001220703125,2.4000000953674316,1.899999976158142,0.0
2015-12-12 17:00:00,0.0,342.3999938964844,487.0,100820.0,0.010099999606609344,295.1000061035156,2.9000000953674316,1.8000000715255737,0.0
2015-12-12 18:00:00,0.0,354.3000183105469,475.70001220703125,100790.0,0.009999999776482582,296.1000061035156,3.4000000953674316,1.8000000715255737,0.0
2015-12-12 19:00:00,0.0,354.3000183105469,418.20001220703125,100720.0,0.010099999606609344,297.0,3.1000001430511475,2.0,0.0
2015-12-12 20:00:00,0.0,354.3000183105469,325.8000183105469,100670.0,0.010300000198185444,297.20001220703125,2.9000000953674316,2.299999952316284,0.0
2015-12-12 21:00:00,0.0,339.3999938964844,157.1999969482422,100680.0,0.00989999994635582,296.3999938964844,2.6000001430511475,2.5,0.0
2015-12-12 22:00:00,0.0,339.3999938964844,27.5,100730.0,0.010599999688565731,293.8999938964844,2.4000000953674316,2.4000000953674316,0.0
2015-12-12 23:00:00,0.0,339.3999938964844,0.0,100740.0,0.010599999688565731,291.3000183105469,2.200000047683716,2.299999952316284,0.0
2015-12-13 00:00:00,0.0,318.20001220703125,0.0,100780.0,0.010699999518692493,290.3999938964844,2.0,2.299999952316284,0.0
2015-12-13 01:00:00,0.0,318.20001220703125,0.0,100810.0,0.010400000028312206,288.6000061035156,1.5,2.1000001430511475,0.0
2015-12-13 02:00:00,0.0,318.20001220703125,0.0,100860.0,0.009800000116229057,286.8000183105469,0.9000000357627869,1.899999976158142,0.0
2015-12-13 03:00:00,0.0,310.3999938964844,0.0,100830.0,0.009099999442696571,285.70001220703125,0.30000001192092896,1.7000000476837158,0.0
2015-12-13 04:00:00,0.0,310.3999938964844,0.0,100840.0,0.008599999360740185,285.3000183105469,0.800000011920929,1.8000000715255737,0.0
2015-12-13 05:00:00,0.0,310.3999938964844,0.0,100850.0,0.008999999612569809,286.0,1.2000000476837158,1.8000000715255737,0.0
2015-12-13 06:00:00,0.0,301.70001220703125,0.0,100850.0,0.008299999870359898,284.5,1.600000023841858,1.899999976158142,0.0
2015-12-13 07:00:00,0.0,301.70001220703125,0.0,100820.0,0.007999999448657036,284.3000183105469,1.3000000715255737,1.899999976158142,0.0
2015-12-13 08:00:00,0.0,301.70001220703125,0.0,100810.0,0.006899999920278788,283.20001220703125,0.9000000357627869,1.8000000715255737,0.0
2015-12-13 09:00:00,0.0,293.3999938964844,0.0,100760.0,0.0072999997064471245,283.20001220703125,0.5,1.8000000715255737,0.0
2015-12-13 10:00:00,0.0,293.3999938964844,0.0,100750.0,0.0072999997064471245,282.3999938964844,0.0,1.399999976158142,0.0
2015-12-13 11:00:00,0.0,293.5,0.0,100780.0,0.007400000002235174,282.70001220703125,-0.5,1.0,0.0
2015-12-13 12:00:00,0.0,299.3999938964844,0.0,100810.0,0.006799999624490738,280.8999938964844,-1.100000023841858,0.6000000238418579,0.0
2015-12-13 13:00:00,0.0,299.3999938964844,83.9000015258789,100790.0,0.0071000000461936,281.8000183105469,-1.0,0.10000000149011612,0.0
2015-12-13 14:00:00,0.0,299.3999938964844,227.40000915527344,100860.0,0.007899999618530273,284.20001220703125,-0.9000000357627869,-0.30000001192092896,0.0
2015-12-13 15:00:00,0.0,331.20001220703125,369.0,100800.0,0.008599999360740185,287.8000183105469,-0.9000000357627869,-0.800000011920929,0.0
2015-12-13 16:00:00,0.0,331.1000061035156,452.0,100790.0,0.008899999782443047,291.3000183105469,-0.9000000357627869,0.4000000059604645,0.0
2015-12-13 17:00:00,0.0,331.1000061035156,477.3000183105469,100700.0,0.00839999970048666,293.1000061035156,-0.9000000357627869,1.600000023841858,0.0
2015-12-13 18:00:00,0.0,345.1000061035156,456.8000183105469,100580.0,0.009800000116229057,294.3999938964844,-0.9000000357627869,2.799999952316284,0.0
2015-12-13 19:00:00,0.0,345.1000061035156,401.8999938964844,100490.0,0.009499999694526196,295.0,-1.3000000715255737,2.799999952316284,0.0
2015-12-13 20:00:00,0.0,345.1000061035156,313.3000183105469,100420.0,0.010300000198185444,295.5,-1.600000023841858,2.9000000953674316,0.0
2015-12-13 21:00:00,0.0,324.3000183105469,145.0,100370.0,0.010499999858438969,294.8999938964844,-2.0,3.0,0.0
2015-12-13 22:00:00,0.0,324.3000183105469,25.700000762939453,100400.0,0.011099999770522118,292.8000183105469,-2.200000047683716,2.4000000953674316,0.0
2015-12-13 23:00:00,0.0,324.3000183105469,0.0,100370.0,0.010900000110268593,290.1000061035156,-2.4000000953674316,1.7000000476837158,0.0
2015-12-14 00:00:00,0.0,330.0,0.0,100370.0,0.010900000110268593,289.0,-2.6000001430511475,1.100000023841858,0.0
2015-12-14 01:00:00,0.0,330.0,0.0,100360.0,0.011299999430775642,289.8999938964844,-2.799999952316284,1.2000000476837158,0.0
2015-12-14 02:00:00,0.0,330.0,0.0,100380.0,0.011299999430775642,289.8999938964844,-2.9000000953674316,1.3000000715255737,0.0
2015-12-14 03:00:00,0.0,317.3999938964844,0.0,100320.0,0.01119999960064888,289.5,-3.1000001430511475,1.399999976158142,0.0
2015-12-14 04:00:00,0.0,317.3999938964844,0.0,100260.0,0.010900000110268593,289.1000061035156,-2.9000000953674316,1.899999976158142,0.0
2015-12-14 05:00:00,0.0,317.3999938964844,0.0,100270.0,0.011099999770522118,289.0,-2.700000047683716,2.4000000953674316,0.0
2015-12-14 06:00:00,0.0,324.3000183105469,0.0,100200.0,0.011399999260902405,289.20001220703125,-2.4000000953674316,2.9000000953674316,0.0
2015-12-14 07:00:00,0.0,324.3000183105469,0.0,100130.0,0.01119999960064888,289.3000183105469,-1.899999976158142,2.9000000953674316,0.0
2015-12-14 08:00:00,0.0,324.3000183105469,0.0,100020.0,0.011399999260902405,289.3999938964844,-1.5,3.0,0.0
2015-12-14 09:00:00,0.0,358.3000183105469,0.0,99880.0,0.011500000022351742,290.0,-1.0,3.0,0.0
2015-12-14 10:00:00,0.0,358.3000183105469,0.0,99810.0,0.011799999512732029,289.8999938964844,-1.600000023841858,3.1000001430511475,0.0
2015-12-14 11:00:00,0.0,358.3000183105469,0.0,99780.0,0.012000000104308128,289.8999938964844,-2.200000047683716,3.200000047683716,0.0
2015-12-14 12:00:00,0.0,381.1000061035156,0.0,99710.0,0.011699999682605267,289.8999938964844,-2.799999952316284,3.299999952316284,0.0
2015-12-14 13:00:00,0.0,381.1000061035156,37.0,99680.0,0.012299999594688416,290.8000183105469,-2.1000001430511475,3.799999952316284,0.0
2015-12-14 14:00:00,0.0,381.1000061035156,101.80000305175781,99650.0,0.012600000016391277,291.3000183105469,-1.399999976158142,4.300000190734863,7.382353145925361e-07
2015-12-14 15:00:00,1.5,392.8999938964844,181.90000915527344,99570.0,0.012899999506771564,291.5,-0.699999988079071,4.800000190734863,0.0
2015-12-14 16:00:00,0.0,392.8999938964844,223.10000610351562,99410.0,0.013399999588727951,292.6000061035156,-0.20000000298023224,4.900000095367432,0.0
2015-12-14 17:00:00,0.0,392.8999938964844,235.8000030517578,99350.0,0.013899999670684338,293.3999938964844,0.30000001192092896,4.900000095367432,0.0
2015-12-14 18:00:00,0.0,405.20001220703125,161.5,99270.0,0.014299999922513962,293.8000183105469,0.699999988079071,4.900000095367432,0.0
2015-12-14 19:00:00,0.0,405.20001220703125,142.10000610351562,99290.0,0.014599999412894249,295.0,1.2000000476837158,4.5,5.090121965577734e-08
2015-12-14 20:00:00,0.10000000149011612,405.20001220703125,110.9000015258789,99160.0,0.013499999418854713,293.6000061035156,1.600000023841858,4.099999904632568,2.1604080814467757e-06
2015-12-14 21:00:00,4.300000190734863,395.70001220703125,43.79999923706055,99230.0,0.012299999594688416,291.6000061035156,2.1000001430511475,3.700000047683716,0.0
2015-12-14 22:00:00,0.0,395.70001220703125,7.900000095367432,99140.0,0.012000000104308128,290.5,2.200000047683716,3.4000000953674316,0.0
2015-12-14 23:00:00,0.0,395.70001220703125,0.0,99170.0,0.01209999993443489,290.70001220703125,2.4000000953674316,3.1000001430511475,0.0
2015-12-15 00:00:00,0.0,333.3999938964844,0.0,99160.0,0.012000000104308128,290.3000183105469,2.5,2.700000047683716,0.0
2015-12-15 01:00:00,0.0,333.3999938964844,0.0,99170.0,0.011899999342858791,290.3999938964844,3.1000001430511475,2.9000000953674316,0.0
2015-12-15 02:00:00,0.0,333.3999938964844,0.0,99250.0,0.011699999682605267,290.0,3.6000001430511475,3.0,0.0
2015-12-15 03:00:00,0.0,304.20001220703125,0.0,99280.0,0.011299999430775642,289.3000183105469,4.200000286102295,3.1000001430511475,0.0
2015-12-15 04:00:00,0.0,304.20001220703125,0.0,99310.0,0.010900000110268593,288.5,4.200000286102295,2.700000047683716,0.0
2015-12-15 05:00:00,0.0,304.20001220703125,0.0,99320.0,0.00969999935477972,288.20001220703125,4.300000190734863,2.200000047683716,0.0
2015-12-15 06:00:00,0.0,287.3999938964844,0.0,99320.0,0.008999999612569809,286.8999938964844,4.300000190734863,1.7000000476837158,0.0
2015-12-15 07:00:00,0.0,287.3999938964844,0.0,99360.0,0.00839999970048666,286.8000183105469,4.099999904632568,1.5,0.0
2015-12-15 08:00:00,0.0,287.3999938964844,0.0,99340.0,0.007400000002235174,286.1000061035156,3.9000000953674316,1.2000000476837158,0.0
2015-12-15 09:00:00,0.0,278.3999938964844,0.0,99330.0,0.00699999975040555,285.5,3.700000047683716,0.9000000357627869,0.0
2015-12-15 10:00:00,0.0,278.3999938964844,0.0,99390.0,0.006899999920278788,284.8000183105469,3.5,0.9000000357627869,0.0
2015-12-15 11:00:00,0.0,278.3999938964844,0.0,99390.0,0.0066999997943639755,284.6000061035156,3.299999952316284,0.800000011920929,0.0
2015-12-15 12:00:00,0.0,270.3000183105469,0.0,99480.0,0.0066999997943639755,283.3000183105469,3.1000001430511475,0.699999988079071,0.0
2015-12-15 13:00:00,0.0,270.3000183105469,82.5,99590.0,0.00699999975040555,282.70001220703125,3.1000001430511475,0.30000001192092896,0.0
2015-12-15 14:00:00,0.0,270.3000183105469,230.0,99630.0,0.0072999997064471245,284.70001220703125,3.0,-0.10000000149011612,0.0
2015-12-15 15:00:00,0.0,301.20001220703125,386.70001220703125,99670.0,0.0071000000461936,287.20001220703125,2.9000000953674316,-0.6000000238418579,0.0
2015-12-15 16:00:00,0.0,301.20001220703125,475.1000061035156,99630.0,0.0072999997064471245,289.70001220703125,2.700000047683716,-0.10000000149011612,0.0
2015-12-15 17:00:00,0.0,301.20001220703125,502.6000061035156,99560.0,0.007199999876320362,291.70001220703125,2.5,0.30000001192092896,0.0
2015-12-15 18:00:00,0.0,315.8000183105469,490.0,99520.0,0.00699999975040555,293.6000061035156,2.200000047683716,0.699999988079071,0.0
2015-12-15 19:00:00,0.0,315.8000183105469,431.70001220703125,99480.0,0.007199999876320362,295.20001220703125,2.0,0.5,0.0
2015-12-15 20:00:00,0.0,315.8000183105469,337.1000061035156,99490.0,0.006899999920278788,295.6000061035156,1.7000000476837158,0.20000000298023224,0.0
2015-12-15 21:00:00,0.0,305.8999938964844,148.5,99550.0,0.0071000000461936,295.3999938964844,1.399999976158142,0.0,0.0
2015-12-15 22:00:00,0.0,305.8999938964844,27.200000762939453,99600.0,0.008100000210106373,292.3999938964844,1.100000023841858,0.30000001192092896,0.0
2015-12-15 23:00:00,0.0,306.0,0.0,99620.0,0.008299999870359898,288.20001220703125,0.699999988079071,0.5,0.0
2015-12-16 00:00:00,0.0,288.8999938964844,0.0,99650.0,0.00839999970048666,286.3000183105469,0.4000000059604645,0.800000011920929,0.0
2015-12-16 01:00:00,0.0,288.8999938964844,0.0,99710.0,0.007999999448657036,285.5,0.20000000298023224,0.10000000149011612,0.0
2015-12-16 02:00:00,0.0,288.8999938964844,0.0,99710.0,0.008299999870359898,285.0,0.0,-0.699999988079071,0.0
2015-12-16 03:00:00,0.0,282.20001220703125,0.0,99740.0,0.008200000040233135,284.70001220703125,-0.30000001192092896,-1.399999976158142,0.0
2015-12-16 04:00:00,0.0,282.20001220703125,0.0,99800.0,0.007799999788403511,283.8000183105469,-0.4000000059604645,-1.2000000476837158,0.0
2015-12-16 05:00:00,0.0,282.20001220703125,0.0,99830.0,0.006899999920278788,281.20001220703125,-0.6000000238418579,-1.0,0.0
2015-12-16 06:00:00,0.0,277.0,0.0,99820.0,0.006899999920278788,282.0,-0.699999988079071,-0.9000000357627869,0.0
2015-12-16 07:00:00,0.0,277.0,0.0,99890.0,0.0064999996684491634,280.6000061035156,-0.9000000357627869,-0.800000011920929,0.0
2015-12-16 08:00:00,0.0,277.0,0.0,99930.0,0.006300000008195639,279.8999938964844,-1.2000000476837158,-0.800000011920929,0.0
2015-12-16 09:00:00,0.0,272.8000183105469,0.0,99880.0,0.006199999712407589,280.5,-1.399999976158142,-0.800000011920929,0.0
2015-12-16 10:00:00,0.0,272.8000183105469,0.0,99880.0,0.006000000052154064,280.20001220703125,-1.8000000715255737,-0.800000011920929,0.0
2015-12-16 11:00:00,0.0,272.8000183105469,0.0,99980.0,0.005399999674409628,278.3000183105469,-2.200000047683716,-0.800000011920929,0.0
2015-12-16 12:00:00,0.0,267.5,0.0,100000.0,0.005499999970197678,278.20001220703125,-2.700000047683716,-0.800000011920929,0.0
2015-12-16 13:00:00,0.0,267.5,81.30000305175781,100070.0,0.0058999997563660145,279.20001220703125,-2.5,-0.9000000357627869,0.0
2015-12-16 14:00:00,0.0,267.5,230.10000610351562,100140.0,0.006799999624490738,281.5,-2.299999952316284,-1.0,0.0
2015-12-16 15:00:00,0.0,293.8999938964844,387.3999938964844,100190.0,0.007499999832361937,284.8000183105469,-2.200000047683716,-1.100000023841858,0.0
2015-12-16 16:00:00,0.0,293.8999938964844,476.6000061035156,100110.0,0.008499999530613422,288.70001220703125,-2.5,-0.6000000238418579,0.0
2015-12-16 17:00:00,0.0,293.8999938964844,504.70001220703125,100060.0,0.007599999662488699,291.8000183105469,-2.9000000953674316,-0.10000000149011612,0.0
2015-12-16 18:00:00,0.0,310.1000061035156,489.3000183105469,99980.0,0.007599999662488699,293.8000183105469,-3.299999952316284,0.4000000059604645,0.0
2015-12-16 19:00:00,0.0,310.1000061035156,431.3000183105469,99930.0,0.007899999618530273,295.0,-3.1000001430511475,0.6000000238418579,0.0
2015-12-16 20:00:00,0.0,310.1000061035156,337.20001220703125,99920.0,0.007999999448657036,295.20001220703125,-2.799999952316284,0.800000011920929,0.0
2015-12-16 21:00:00,0.0,305.8000183105469,148.10000610351562,99810.0,0.007899999618530273,294.70001220703125,-2.6000001430511475,1.0,0.0
2015-12-16 22:00:00,0.0,305.8000183105469,27.600000381469727,99850.0,0.008299999870359898,291.8999938964844,-2.799999952316284,0.6000000238418579,0.0
2015-12-16 23:00:00,0.0,305.8000183105469,0.0,99890.0,0.008700000122189522,290.1000061035156,-3.0,0.30000001192092896,0.0
2015-12-17 00:00:00,0.0,311.5,0.0,99900.0,0.008899999782443047,288.70001220703125,-3.200000047683716,0.0,0.0
2015-12-17 01:00:00,0.0,311.5,0.0,100010.0,0.008599999360740185,286.0,-2.9000000953674316,0.10000000149011612,0.0
2015-12-17 02:00:00,0.0,311.5,0.0,100000.0,0.008599999360740185,286.3000183105469,-2.6000001430511475,0.20000000298023224,0.0
2015-12-17 03:00:00,0.0,342.0,0.0,99940.0,0.008499999530613422,286.6000061035156,-2.299999952316284,0.4000000059604645,2.3657042550979653e-07
2015-12-17 04:00:00,0.5,342.0,0.0,99910.0,0.008799999952316284,287.5,-1.8000000715255737,0.4000000059604645,4.76594374793869e-07
2015-12-17 05:00:00,1.0,342.0,0.0,99930.0,0.00930000003427267,287.20001220703125,-1.3000000715255737,0.5,1.426301595152609e-06
2015-12-17 06:00:00,3.0,382.5,0.0,99760.0,0.009499999694526196,286.5,-0.800000011920929,0.5,4.727622629790369e-07
2015-12-17 07:00:00,1.0,382.3999938964844,0.0,99720.0,0.009399999864399433,286.6000061035156,-1.2000000476837158,0.6000000238418579,1.0409098948042186e-06
2015-12-17 08:00:00,2.200000047683716,382.3999938964844,0.0,99740.0,0.009499999694526196,286.6000061035156,-1.600000023841858,0.699999988079071,0.0
2015-12-17 09:00:00,0.0,382.6000061035156,0.0,99710.0,0.00930000003427267,286.5,-2.0,0.699999988079071,0.0
2015-12-17 10:00:00,0.0,382.6000061035156,0.0,99590.0,0.008999999612569809,286.20001220703125,-2.4000000953674316,0.699999988079071,0.0
2015-12-17 11:00:00,0.0,382.6000061035156,0.0,99510.0,0.009099999442696571,286.6000061035156,-2.799999952316284,0.699999988079071,1.419422553058779e-06
2015-12-17 12:00:00,3.0,384.20001220703125,0.0,99450.0,0.00930000003427267,286.3999938964844,-3.200000047683716,0.6000000238418579,2.0784926960470127e-06
2015-12-17 13:00:00,4.400000095367432,384.20001220703125,34.5,99540.0,0.009499999694526196,286.5,-3.0,1.5,2.0801540021938852e-06
2015-12-17 14:00:00,4.400000095367432,384.20001220703125,99.20000457763672,99540.0,0.00969999935477972,286.8999938964844,-2.799999952316284,2.4000000953674316,7.588522475838139e-07
2015-12-17 15:00:00,1.600000023841858,404.20001220703125,157.0,99420.0,0.009800000116229057,287.3000183105469,-2.700000047683716,3.299999952316284,1.0943852648065907e-06
2015-12-17 16:00:00,2.299999952316284,404.20001220703125,193.40000915527344,99470.0,0.009800000116229057,287.0,-0.6000000238418579,4.300000190734863,1.8037282986643158e-06
2015-12-17 17:00:00,3.799999952316284,404.20001220703125,204.90000915527344,99360.0,0.009800000116229057,286.8999938964844,1.5,5.400000095367432,0.0
2015-12-17 18:00:00,0.0,380.20001220703125,242.6999969482422,99310.0,0.010599999688565731,288.0,3.6000001430511475,6.400000095367432,0.0
2015-12-17 19:00:00,0.0,380.20001220703125,214.10000610351562,99360.0,0.010999999940395355,289.3000183105469,3.799999952316284,5.599999904632568,0.0
2015-12-17 20:00:00,0.0,380.20001220703125,167.60000610351562,99280.0,0.011399999260902405,289.20001220703125,4.0,4.800000190734863,0.0
2015-12-17 21:00:00,0.0,371.1000061035156,72.30000305175781,99260.0,0.011399999260902405,289.70001220703125,4.200000286102295,4.0,0.0
2015-12-17 22:00:00,0.0,371.1000061035156,13.699999809265137,99260.0,0.011899999342858791,289.70001220703125,3.700000047683716,3.9000000953674316,0.0
2015-12-17 23:00:00,0.0,371.1000061035156,0.0,99330.0,0.011299999430775642,289.0,3.200000047683716,3.700000047683716,0.0
2015-12-18 00:00:00,0.0,361.8000183105469,0.0,99330.0,0.01119999960064888,289.20001220703125,2.700000047683716,3.5,0.0
2015-12-18 01:00:00,0.0,361.8000183105469,0.0,99410.0,0.010999999940395355,288.8000183105469,2.200000047683716,3.200000047683716,0.0
2015-12-18 02:00:00,0.0,361.8000183105469,0.0,99440.0,0.010900000110268593,288.6000061035156,1.7000000476837158,2.9000000953674316,0.0
2015-12-18 03:00:00,0.0,363.8000183105469,0.0,99430.0,0.010699999518692493,288.3999938964844,1.2000000476837158,2.6000001430511475,0.0
2015-12-18 04:00:00,0.0,363.8000183105469,0.0,99460.0,0.010699999518692493,288.6000061035156,1.5,2.6000001430511475,0.0
2015-12-18 05:00:00,0.0,363.8000183105469,0.0,99360.0,0.010699999518692493,288.1000061035156,1.7000000476837158,2.6000001430511475,0.0
2015-12-18 06:00:00,0.0,344.3999938964844,0.0,99320.0,0.010699999518692493,287.70001220703125,1.899999976158142,2.700000047683716,0.0
2015-12-18 07:00:00,0.0,344.3999938964844,0.0,99370.0,0.010400000028312206,288.1000061035156,2.0,2.4000000953674316,0.0
2015-12-18 08:00:00,0.0,344.3999938964844,0.0,99390.0,0.009599999524652958,287.6000061035156,2.200000047683716,2.200000047683716,0.0
2015-12-18 09:00:00,0.0,321.0,0.0,99340.0,0.009399999864399433,286.70001220703125,2.299999952316284,1.899999976158142,0.0
2015-12-18 10:00:00,0.0,321.0,0.0,99390.0,0.00839999970048666,285.3000183105469,3.1000001430511475,1.8000000715255737,0.0
2015-12-18 11:00:00,0.0,321.0,0.0,99440.0,0.0072999997064471245,283.8000183105469,3.799999952316284,1.600000023841858,0.0
2015-12-18 12:00:00,0.0,269.0,0.0,99560.0,0.006899999920278788,282.8999938964844,4.599999904632568,1.5,0.0
2015-12-18 13:00:00,0.0,269.0,82.20000457763672,99630.0,0.0066999997943639755,282.20001220703125,5.200000286102295,1.2000000476837158,0.0
2015-12-18 14:00:00,0.0,269.0,239.3000030517578,99730.0,0.006300000008195639,282.3999938964844,5.700000286102295,0.800000011920929,0.0
2015-12-18 15:00:00,0.0,263.5,388.8000183105469,99880.0,0.006000000052154064,282.20001220703125,6.300000190734863,0.5,0.0
2015-12-18 16:00:00,0.0,263.5,479.70001220703125,99910.0,0.005699999630451202,284.0,6.800000190734863,0.20000000298023224,0.0
2015-12-18 17:00:00,0.0,263.5,508.8999938964844,99850.0,0.0050999997183680534,285.1000061035156,7.300000190734863,-0.10000000149011612,0.0
2015-12-18 18:00:00,0.0,260.0,503.1000061035156,99810.0,0.003999999724328518,286.70001220703125,7.800000190734863,-0.4000000059604645,0.0
2015-12-18 19:00:00,0.0,260.0,444.20001220703125,99810.0,0.003399999812245369,287.1000061035156,7.200000286102295,-1.5,0.0
2015-12-18 20:00:00,0.0,260.0,348.0,99920.0,0.002899999963119626,287.20001220703125,6.5,-2.6000001430511475,0.0
2015-12-18 21:00:00,0.0,243.5,159.1999969482422,99950.0,0.0023999998811632395,286.1000061035156,5.800000190734863,-3.700000047683716,0.0
2015-12-18 22:00:00,0.0,243.5,30.899999618530273,100130.0,0.002699999837204814,284.3999938964844,5.099999904632568,-3.4000000953674316,0.0
2015-12-18 23:00:00,0.0,243.5,0.0,100260.0,0.003000000026077032,282.20001220703125,4.400000095367432,-3.1000001430511475,0.0
2015-12-19 00:00:00,0.0,225.0,0.0,100400.0,0.0030999998562037945,280.5,3.6000001430511475,-2.799999952316284,0.0
2015-12-19 01:00:00,0.0,225.0,0.0,100620.0,0.002899999963119626,278.8000183105469,3.4000000953674316,-2.6000001430511475,0.0
2015-12-19 02:00:00,0.0,225.0,0.0,100790.0,0.00279999990016222,277.0,3.200000047683716,-2.299999952316284,0.0
2015-12-19 03:00:00,0.0,214.6999969482422,0.0,100840.0,0.00279999990016222,276.0,2.9000000953674316,-2.1000001430511475,0.0
2015-12-19 04:00:00,0.0,214.6999969482422,0.0,100940.0,0.002899999963119626,275.20001220703125,2.799999952316284,-2.1000001430511475,0.0
2015-12-19 05:00:00,0.0,214.6999969482422,0.0,101020.0,0.00279999990016222,274.8000183105469,2.700000047683716,-2.0,0.0
2015-12-19 06:00:00,0.0,206.60000610351562,0.0,101050.0,0.002199999988079071,274.1000061035156,2.6000001430511475,-2.0,0.0
2015-12-19 07:00:00,0.0,206.60000610351562,0.0,101070.0,0.0024999999441206455,272.6000061035156,2.6000001430511475,-1.8000000715255737,0.0
2015-12-19 08:00:00,0.0,206.60000610351562,0.0,101130.0,0.0023999998811632395,272.1000061035156,2.6000001430511475,-1.5,0.0
2015-12-19 09:00:00,0.0,204.60000610351562,0.0,101190.0,0.0024999999441206455,271.70001220703125,2.5,-1.2000000476837158,0.0
2015-12-19 10:00:00,0.0,204.60000610351562,0.0,101210.0,0.0026000000070780516,271.70001220703125,2.4000000953674316,-0.4000000059604645,0.0
2015-12-19 11:00:00,0.0,204.60000610351562,0.0,101340.0,0.00279999990016222,270.6000061035156,2.200000047683716,0.4000000059604645,0.0
2015-12-19 12:00:00,0.0,209.10000610351562,0.0,101420.0,0.002699999837204814,270.70001220703125,2.0,1.2000000476837158,0.0
2015-12-19 13:00:00,0.0,209.10000610351562,79.0,101550.0,0.002899999963119626,271.3000183105469,2.1000001430511475,0.9000000357627869,0.0
2015-12-19 14:00:00,0.0,209.10000610351562,233.0,101560.0,0.002899999963119626,273.5,2.200000047683716,0.6000000238418579,0.0
2015-12-19 15:00:00,0.0,230.10000610351562,394.3000183105469,101690.0,0.00279999990016222,276.3999938964844,2.299999952316284,0.30000001192092896,0.0
2015-12-19 16:00:00,0.0,230.10000610351562,487.0,101620.0,0.002300000051036477,279.3000183105469,2.9000000953674316,0.699999988079071,0.0
2015-12-19 17:00:00,0.0,230.10000610351562,517.1000366210938,101550.0,0.002099999925121665,280.8000183105469,3.5,1.0,0.0
2015-12-19 18:00:00,0.0,240.40000915527344,507.70001220703125,101500.0,0.0016999999061226845,281.70001220703125,4.099999904632568,1.3000000715255737,0.0
2015-12-19 19:00:00,0.0,240.40000915527344,448.6000061035156,101460.0,0.0018999999156221747,282.6000061035156,3.9000000953674316,1.0,0.0
2015-12-19 20:00:00,0.0,240.40000915527344,351.8000183105469,101410.0,0.002099999925121665,283.3999938964844,3.700000047683716,0.699999988079071,0.0
2015-12-19 21:00:00,0.0,233.60000610351562,162.1999969482422,101410.0,0.002099999925121665,283.70001220703125,3.5,0.4000000059604645,0.0
2015-12-19 22:00:00,0.0,233.60000610351562,32.10000228881836,101450.0,0.002099999925121665,282.3000183105469,3.200000047683716,0.699999988079071,0.0
2015-12-19 23:00:00,0.0,233.60000610351562,0.0,101540.0,0.002699999837204814,278.8000183105469,2.9000000953674316,1.0,0.0
2015-12-20 00:00:00,0.0,224.0,0.0,101560.0,0.003000000026077032,276.5,2.6000001430511475,1.3000000715255737,0.0
2015-12-20 01:00:00,0.0,224.0,0.0,101590.0,0.0030999998562037945,275.8999938964844,2.299999952316284,0.9000000357627869,0.0
2015-12-20 02:00:00,0.0,224.0,0.0,101580.0,0.003000000026077032,274.6000061035156,2.1000001430511475,0.6000000238418579,0.0
2015-12-20 03:00:00,0.0,220.3000030517578,0.0,101540.0,0.003000000026077032,273.8000183105469,1.8000000715255737,0.20000000298023224,0.0
2015-12-20 04:00:00,0.0,220.3000030517578,0.0,101590.0,0.003000000026077032,273.3000183105469,1.399999976158142,-0.4000000059604645,0.0
2015-12-20 05:00:00,0.0,220.3000030517578,0.0,101620.0,0.002899999963119626,271.8000183105469,1.0,-1.100000023841858,0.0
2015-12-20 06:00:00,0.0,218.0,0.0,101610.0,0.003000000026077032,272.1000061035156,0.6000000238418579,-1.7000000476837158,0.0
2015-12-20 07:00:00,0.0,218.0,0.0,101640.0,0.003000000026077032,271.1000061035156,0.4000000059604645,-2.1000001430511475,0.0
2015-12-20 08:00:00,0.0,218.0,0.0,101660.0,0.003000000026077032,271.5,0.20000000298023224,-2.4000000953674316,0.0
2015-12-20 09:00:00,0.0,215.8000030517578,0.0,101690.0,0.002899999963119626,271.6000061035156,0.0,-2.799999952316284,0.0
2015-12-20 10:00:00,0.0,215.8000030517578,0.0,101700.0,0.00279999990016222,271.0,-0.4000000059604645,-2.200000047683716,0.0
2015-12-20 11:00:00,0.0,215.8000030517578,0.0,101720.0,0.00279999990016222,271.20001220703125,-0.800000011920929,-1.600000023841858,0.0
2015-12-20 12:00:00,0.0,219.6999969482422,0.0,101720.0,0.00279999990016222,271.20001220703125,-1.3000000715255737,-1.0,0.0
2015-12-20 13:00:00,0.0,219.6999969482422,76.80000305175781,101850.0,0.002899999963119626,271.20001220703125,-1.5,-0.800000011920929,0.0
2015-12-20 14:00:00,0.0,219.6999969482422,229.6999969482422,101960.0,0.0031999999191612005,274.5,-1.7000000476837158,-0.699999988079071,0.0
2015-12-20 15:00:00,0.0,242.6999969482422,390.3999938964844,101930.0,0.003000000026077032,278.6000061035156,-1.899999976158142,-0.5,0.0
2015-12-20 16:00:00,0.0,242.6999969482422,482.8999938964844,101900.0,0.00279999990016222,282.1000061035156,-2.200000047683716,-0.10000000149011612,0.0
2015-12-20 17:00:00,0.0,242.60000610351562,513.2000122070312,101840.0,0.0026000000070780516,284.5,-2.5,0.4000000059604645,0.0
2015-12-20 18:00:00,0.0,254.8000030517578,500.70001220703125,101820.0,0.0023999998811632395,285.5,-2.799999952316284,0.800000011920929,0.0
2015-12-20 19:00:00,0.0,254.8000030517578,442.8000183105469,101720.0,0.0024999999441206455,286.20001220703125,-2.700000047683716,0.9000000357627869,0.0
2015-12-20 20:00:00,0.0,254.8000030517578,347.6000061035156,101690.0,0.0026000000070780516,286.1000061035156,-2.5,0.9000000357627869,0.0
2015-12-20 21:00:00,0.0,253.3000030517578,173.0,101590.0,0.002699999837204814,285.3999938964844,-2.299999952316284,1.0,0.0
2015-12-20 22:00:00,0.0,253.3000030517578,35.10000228881836,101600.0,0.002899999963119626,283.8999938964844,-2.700000047683716,1.0,0.0
2015-12-20 23:00:00,0.0,253.3000030517578,0.0,101630.0,0.003399999812245369,281.6000061035156,-3.1000001430511475,1.100000023841858,0.0
2015-12-21 00:00:00,0.0,250.10000610351562,0.0,101610.0,0.003700000001117587,279.70001220703125,-3.6000001430511475,1.2000000476837158,0.0
2015-12-21 01:00:00,0.0,250.10000610351562,0.0,101580.0,0.003700000001117587,278.3999938964844,-3.299999952316284,0.6000000238418579,0.0
2015-12-21 02:00:00,0.0,250.10000610351562,0.0,101630.0,0.003700000001117587,276.6000061035156,-3.1000001430511475,0.10000000149011612,0.0
2015-12-21 03:00:00,0.0,266.5,0.0,101580.0,0.0037999998312443495,277.3000183105469,-2.799999952316284,-0.4000000059604645,0.0
2015-12-21 04:00:00,0.0,266.5,0.0,101530.0,0.0037999998312443495,277.70001220703125,-2.799999952316284,-0.800000011920929,0.0
2015-12-21 05:00:00,0.0,266.5,0.0,101500.0,0.0037999998312443495,277.1000061035156,-2.700000047683716,-1.100000023841858,0.0
2015-12-21 06:00:00,0.0,289.0,0.0,101480.0,0.003999999724328518,278.0,-2.700000047683716,-1.399999976158142,0.0
2015-12-21 07:00:00,0.0,289.0,0.0,101460.0,0.004100000020116568,279.1000061035156,-2.5,-1.399999976158142,0.0
2015-12-21 08:00:00,0.0,289.0,0.0,101470.0,0.00419999985024333,279.0,-2.4000000953674316,-1.3000000715255737,0.0
2015-12-21 09:00:00,0.0,334.1000061035156,0.0,101380.0,0.00419999985024333,279.3000183105469,-2.299999952316284,-1.2000000476837158,0.0
2015-12-21 10:00:00,0.0,334.1000061035156,0.0,101340.0,0.004299999680370092,279.0,-2.200000047683716,-1.100000023841858,0.0
2015-12-21 11:00:00,0.0,334.1000061035156,0.0,101290.0,0.00419999985024333,278.5,-2.1000001430511475,-1.100000023841858,0.0
2015-12-21 12:00:00,0.0,352.8999938964844,0.0,101310.0,0.004399999976158142,279.1000061035156,-2.0,-1.0,0.0
2015-12-21 13:00:00,0.0,352.8999938964844,33.29999923706055,101380.0,0.00419999985024333,279.5,-2.0,-0.9000000357627869,0.0
2015-12-21 14:00:00,0.0,352.8999938964844,100.80000305175781,101310.0,0.00419999985024333,280.0,-2.0,-0.800000011920929,0.0
2015-12-21 15:00:00,0.0,372.3999938964844,160.90000915527344,101310.0,0.004299999680370092,280.70001220703125,-2.0,-0.699999988079071,0.0
2015-12-21 16:00:00,0.0,372.3999938964844,199.1999969482422,101300.0,0.0044999998062849045,282.6000061035156,-1.899999976158142,-0.4000000059604645,0.0
2015-12-21 17:00:00,0.0,372.3999938964844,211.90000915527344,101220.0,0.004900000058114529,283.8000183105469,-1.7000000476837158,-0.20000000298023224,0.0
2015-12-21 18:00:00,0.0,375.5,290.3999938964844,101150.0,0.004999999888241291,283.8999938964844,-1.5,0.10000000149011612,0.0
2015-12-21 19:00:00,0.0,375.5,257.0,101050.0,0.005399999674409628,285.0,-1.600000023841858,0.10000000149011612,0.0
2015-12-21 20:00:00,0.0,375.5,202.0,100890.0,0.00559999980032444,285.8000183105469,-1.8000000715255737,0.10000000149011612,0.0
2015-12-21 21:00:00,0.0,361.70001220703125,132.8000030517578,100870.0,0.0058999997563660145,285.8000183105469,-1.899999976158142,0.10000000149011612,0.0
2015-12-21 22:00:00,0.0,361.70001220703125,27.600000381469727,100820.0,0.006099999882280827,285.1000061035156,-2.200000047683716,0.4000000059604645,0.0
2015-12-21 23:00:00,0.0,361.70001220703125,0.0,100830.0,0.006099999882280827,283.20001220703125,-2.5,0.699999988079071,0.0
2015-12-22 00:00:00,0.0,357.0,0.0,100740.0,0.006199999712407589,283.20001220703125,-2.700000047683716,1.0,0.0
2015-12-22 01:00:00,0.0,357.0,0.0,100760.0,0.0064999996684491634,283.0,-2.6000001430511475,0.9000000357627869,0.0
2015-12-22 02:00:00,0.0,357.0,0.0,100770.0,0.006399999838322401,283.20001220703125,-2.5,0.800000011920929,0.0
2015-12-22 03:00:00,0.0,369.20001220703125,0.0,100630.0,0.006300000008195639,282.1000061035156,-2.4000000953674316,0.699999988079071,0.0
2015-12-22 04:00:00,0.0,369.20001220703125,0.0,100600.0,0.006300000008195639,282.5,-2.299999952316284,0.9000000357627869,0.0
2015-12-22 05:00:00,0.0,369.20001220703125,0.0,100490.0,0.006599999964237213,283.1000061035156,-2.200000047683716,1.100000023841858,5.986149869805075e-07
2015-12-22 06:00:00,1.3000000715255737,391.20001220703125,0.0,100310.0,0.00699999975040555,282.70001220703125,-2.1000001430511475,1.3000000715255737,2.8464086424883143e-06
2015-12-22 07:00:00,6.200000286102295,391.1000061035156,0.0,100280.0,0.007499999832361937,283.5,-1.0,1.7000000476837158,3.00210506940693e-06
2015-12-22 08:00:00,6.5,391.1000061035156,0.0,100110.0,0.008200000040233135,284.3000183105469,0.10000000149011612,2.0,3.392200346615728e-06
2015-12-22 09:00:00,7.300000190734863,386.1000061035156,0.0,100030.0,0.008700000122189522,285.3000183105469,1.2000000476837158,2.4000000953674316,1.7654831463933217e-05
2015-12-22 10:00:00,37.70000076293945,386.1000061035156,0.0,100100.0,0.009200000204145908,285.8999938964844,0.800000011920929,2.799999952316284,4.563967315233157e-06
2015-12-22 11:00:00,9.699999809265137,386.1000061035156,0.0,100180.0,0.008899999782443047,285.3999938964844,0.6000000238418579,3.200000047683716,1.1716610241739401e-06
2015-12-22 12:00:00,2.5,380.70001220703125,0.0,100160.0,0.009399999864399433,286.20001220703125,0.20000000298023224,3.6000001430511475,6.131225553307689e-07
2015-12-22 13:00:00,1.3000000715255737,380.70001220703125,34.79999923706055,100130.0,0.009499999694526196,286.3000183105469,0.20000000298023224,3.6000001430511475,3.7760660823191564e-07
2015-12-22 14:00:00,0.800000011920929,380.70001220703125,106.70000457763672,100230.0,0.009499999694526196,286.6000061035156,0.10000000149011612,3.700000047683716,0.0
2015-12-22 15:00:00,0.0,384.8000183105469,237.60000610351562,100260.0,0.009999999776482582,287.20001220703125,0.10000000149011612,3.700000047683716,0.0
2015-12-22 16:00:00,0.0,384.8000183105469,294.6000061035156,100210.0,0.010099999606609344,287.3999938964844,0.20000000298023224,3.5,0.0
2015-12-22 17:00:00,0.0,384.8000183105469,313.6000061035156,100160.0,0.00989999994635582,287.0,0.30000001192092896,3.4000000953674316,0.0
2015-12-22 18:00:00,0.0,392.8999938964844,306.5,100010.0,0.010300000198185444,288.0,0.4000000059604645,3.200000047683716,0.0
2015-12-22 19:00:00,0.0,392.8999938964844,271.6000061035156,99990.0,0.011399999260902405,289.70001220703125,-0.10000000149011612,3.6000001430511475,0.0
2015-12-22 20:00:00,0.0,392.8999938964844,213.6999969482422,99990.0,0.011699999682605267,290.20001220703125,-0.699999988079071,3.9000000953674316,0.0
2015-12-22 21:00:00,0.0,388.3999938964844,118.30000305175781,100040.0,0.011599999852478504,290.0,-1.2000000476837158,4.300000190734863,0.0
2015-12-22 22:00:00,0.0,388.3999938964844,25.200000762939453,99990.0,0.011399999260902405,289.6000061035156,-1.399999976158142,3.700000047683716,0.0
2015-12-22 23:00:00,0.0,388.3999938964844,0.0,99990.0,0.010799999348819256,288.8000183105469,-1.600000023841858,3.1000001430511475,0.0
2015-12-23 00:00:00,0.0,383.3000183105469,0.0,100050.0,0.011099999770522118,288.8000183105469,-1.8000000715255737,2.6000001430511475,0.0
2015-12-23 01:00:00,0.0,383.3000183105469,0.0,100130.0,0.011099999770522118,289.20001220703125,-1.8000000715255737,2.200000047683716,0.0
2015-12-23 02:00:00,0.0,383.3000183105469,0.0,100110.0,0.011099999770522118,288.8000183105469,-1.899999976158142,1.899999976158142,0.0
2015-12-23 03:00:00,0.0,385.8000183105469,0.0,100090.0,0.011299999430775642,289.20001220703125,-2.0,1.5,0.0
2015-12-23 04:00:00,0.0,385.8000183105469,0.0,100050.0,0.01119999960064888,289.0,-1.7000000476837158,1.600000023841858,0.0
2015-12-23 05:00:00,0.0,385.8000183105469,0.0,100010.0,0.011699999682605267,289.5,-1.5,1.600000023841858,0.0
2015-12-23 06:00:00,0.0,386.5,0.0,99980.0,0.011899999342858791,289.70001220703125,-1.2000000476837158,1.7000000476837158,0.0
2015-12-23 07:00:00,0.0,386.5,0.0,100010.0,0.011599999852478504,289.8000183105469,-1.399999976158142,1.7000000476837158,0.0
2015-12-23 08:00:00,0.0,386.5,0.0,100000.0,0.012000000104308128,289.70001220703125,-1.600000023841858,1.7000000476837158,0.0
2015-12-23 09:00:00,0.0,391.0,0.0,99970.0,0.011899999342858791,289.8000183105469,-1.8000000715255737,1.7000000476837158,0.0
2015-12-23 10:00:00,0.0,391.0,0.0,99940.0,0.011699999682605267,289.70001220703125,-2.1000001430511475,1.899999976158142,0.0
2015-12-23 11:00:00,0.0,391.0,0.0,99920.0,0.011699999682605267,289.3999938964844,-2.5,2.1000001430511475,0.0
2015-12-23 12:00:00,0.0,389.1000061035156,0.0,99900.0,0.011500000022351742,289.3000183105469,-2.799999952316284,2.4000000953674316,1.8866700062492885e-06
2015-12-23 13:00:00,3.9000000953674316,389.1000061035156,42.400001525878906,99950.0,0.011699999682605267,289.70001220703125,-2.700000047683716,2.9000000953674316,5.824838155694726e-07
2015-12-23 14:00:00,1.2000000476837158,389.1000061035156,131.6999969482422,99920.0,0.011899999342858791,289.8000183105469,-2.5,3.5,5.635471187070408e-06
2015-12-23 15:00:00,11.600000381469727,393.8000183105469,163.0,99920.0,0.012000000104308128,290.0,-2.299999952316284,4.0,8.759635909420274e-07
2015-12-23 16:00:00,1.8000000715255737,393.8000183105469,202.40000915527344,99860.0,0.01269999984651804,291.20001220703125,-1.899999976158142,4.099999904632568,4.4255319724101603e-07
2015-12-23 17:00:00,0.9000000357627869,393.8000183105469,215.60000610351562,99740.0,0.013100000098347664,291.8999938964844,-1.399999976158142,4.099999904632568,0.0
2015-12-23 18:00:00,0.0,405.20001220703125,182.3000030517578,99650.0,0.013700000010430813,292.20001220703125,-1.0,4.200000286102295,4.960924499258517e-06
2015-12-23 19:00:00,10.0,405.20001220703125,161.60000610351562,99630.0,0.012899999506771564,291.6000061035156,-0.699999988079071,4.0,8.882235019915836e-07
2015-12-23 20:00:00,1.8000000715255737,405.1000061035156,127.4000015258789,99690.0,0.012799999676644802,291.3000183105469,-0.4000000059604645,3.9000000953674316,2.9529413757094877e-07
2015-12-23 21:00:00,0.6000000238418579,392.6000061035156,96.80000305175781,99740.0,0.013199999928474426,291.6000061035156,-0.10000000149011612,3.799999952316284,1.085606482825919e-06
2015-12-23 22:00:00,2.200000047683716,392.6000061035156,21.100000381469727,99730.0,0.012399999424815178,290.8000183105469,-0.20000000298023224,3.200000047683716,3.430094869384076e-07
2015-12-23 23:00:00,0.699999988079071,392.6000061035156,0.0,99800.0,0.012399999424815178,290.20001220703125,-0.4000000059604645,2.700000047683716,1.8524283800090267e-06
2015-12-24 00:00:00,3.799999952316284,395.6000061035156,0.0,99980.0,0.012000000104308128,290.0,-0.5,2.200000047683716,6.813049765019497e-07
2015-12-24 01:00:00,1.399999976158142,395.6000061035156,0.0,99950.0,0.011799999512732029,289.3999938964844,-1.0,2.299999952316284,1.0651743136309484e-06
2015-12-24 02:00:00,2.200000047683716,395.6000061035156,0.0,100010.0,0.01209999993443489,290.3000183105469,-1.5,2.4000000953674316,7.806404696576303e-07
2015-12-24 03:00:00,1.600000023841858,396.6000061035156,0.0,100050.0,0.01209999993443489,290.20001220703125,-2.0,2.5,7.799698656241153e-07
2015-12-24 04:00:00,1.600000023841858,396.6000061035156,0.0,99960.0,0.011699999682605267,290.20001220703125,-1.3000000715255737,3.6000001430511475,0.0
2015-12-24 05:00:00,0.0,396.6000061035156,0.0,100010.0,0.011799999512732029,289.8000183105469,-0.6000000238418579,4.700000286102295,0.0
2015-12-24 06:00:00,0.0,392.8000183105469,0.0,99930.0,0.012199999764561653,290.3999938964844,0.10000000149011612,5.900000095367432,0.0
2015-12-24 07:00:00,0.0,392.8000183105469,0.0,99960.0,0.012399999424815178,290.8000183105469,0.5,5.800000190734863,0.0
2015-12-24 08:00:00,0.0,392.8000183105469,0.0,100010.0,0.012999999336898327,291.6000061035156,0.9000000357627869,5.800000190734863,0.0
2015-12-24 09:00:00,0.0,379.6000061035156,0.0,99960.0,0.014099999330937862,293.3999938964844,1.3000000715255737,5.700000286102295,0.0
2015-12-24 10:00:00,0.0,379.6000061035156,0.0,100010.0,0.014599999412894249,293.5,0.9000000357627869,4.700000286102295,0.0
2015-12-24 11:00:00,0.0,379.6000061035156,0.0,100040.0,0.014599999412894249,293.8999938964844,0.5,3.700000047683716,0.0
2015-12-24 12:00:00,0.0,379.20001220703125,0.0,100110.0,0.014699999243021011,293.70001220703125,0.0,2.700000047683716,0.0
2015-12-24 13:00:00,0.0,379.20001220703125,49.5,100230.0,0.014699999243021011,294.0,0.699999988079071,3.0,0.0
2015-12-24 14:00:00,0.0,379.20001220703125,155.6999969482422,100320.0,0.014599999412894249,294.20001220703125,1.3000000715255737,3.4000000953674316,0.0
2015-12-24 15:00:00,0.0,397.6000061035156,267.3000183105469,100410.0,0.01489999983459711,294.8000183105469,2.0,3.799999952316284,0.0
2015-12-24 16:00:00,0.0,397.6000061035156,332.1000061035156,100400.0,0.01489999983459711,295.6000061035156,3.1000001430511475,3.6000001430511475,0.0
2015-12-24 17:00:00,0.0,397.6000061035156,354.1000061035156,100420.0,0.01529999915510416,295.1000061035156,4.099999904632568,3.4000000953674316,0.0
2015-12-24 18:00:00,0.0,400.70001220703125,329.8000183105469,100330.0,0.015599999576807022,295.0,5.200000286102295,3.200000047683716,0.0
2015-12-24 19:00:00,0.0,400.70001220703125,292.70001220703125,100360.0,0.01549999974668026,295.0,4.700000286102295,2.799999952316284,0.0
2015-12-24 20:00:00,0.0,400.70001220703125,231.0,100360.0,0.01529999915510416,295.0,4.300000190734863,2.4000000953674316,0.0
2015-12-24 21:00:00,0.0,403.8000183105469,93.20000457763672,100290.0,0.015199999324977398,295.20001220703125,3.799999952316284,2.0,0.0
2015-12-24 22:00:00,0.0,403.8000183105469,20.80000114440918,100430.0,0.015699999406933784,294.8999938964844,2.4000000953674316,2.0,3.0511935942961847e-07
2015-12-24 23:00:00,0.6000000238418579,403.8000183105469,0.0,100520.0,0.014999999664723873,294.5,1.0,2.0,7.599401290699011e-07
2015-12-25 00:00:00,1.5,391.70001220703125,0.0,100450.0,0.014800000004470348,294.3999938964844,-0.4000000059604645,2.0,5.061538553138688e-08
2015-12-25 01:00:00,0.10000000149011612,391.70001220703125,0.0,100600.0,0.013199999928474426,292.3999938964844,0.4000000059604645,1.899999976158142,0.0
2015-12-25 02:00:00,0.0,391.70001220703125,0.0,100720.0,0.012600000016391277,291.8000183105469,1.2000000476837158,1.8000000715255737,0.0
2015-12-25 03:00:00,0.0,379.20001220703125,0.0,100750.0,0.01269999984651804,291.8000183105469,2.0,1.7000000476837158,1.977323365029267e-07
2015-12-25 04:00:00,0.4000000059604645,379.20001220703125,0.0,100800.0,0.01249999925494194,291.70001220703125,2.0,1.100000023841858,0.0
2015-12-25 05:00:00,0.0,379.20001220703125,0.0,100790.0,0.012299999594688416,291.3000183105469,2.0,0.5,9.843137674574662e-08
2015-12-25 06:00:00,0.20000000298023224,382.1000061035156,0.0,100810.0,0.01249999925494194,291.3999938964844,2.0,-0.10000000149011612,0.0
2015-12-25 07:00:00,0.0,382.1000061035156,0.0,100770.0,0.012399999424815178,291.0,1.600000023841858,-0.30000001192092896,9.817343559310722e-08
2015-12-25 08:00:00,0.20000000298023224,382.1000061035156,0.0,100770.0,0.01249999925494194,290.8000183105469,1.3000000715255737,-0.4000000059604645,0.0
2015-12-25 09:00:00,0.0,386.20001220703125,0.0,100830.0,0.012199999764561653,290.8000183105469,0.9000000357627869,-0.6000000238418579,0.0
2015-12-25 10:00:00,0.0,386.20001220703125,0.0,100760.0,0.011799999512732029,290.20001220703125,0.0,-0.30000001192092896,0.0
2015-12-25 11:00:00,0.0,386.20001220703125,0.0,100790.0,0.011899999342858791,290.3999938964844,-0.9000000357627869,-0.10000000149011612,0.0
2015-12-25 12:00:00,0.0,382.70001220703125,0.0,100870.0,0.01119999960064888,289.5,-1.7000000476837158,0.20000000298023224,0.0
2015-12-25 13:00:00,0.0,382.70001220703125,55.29999923706055,100890.0,0.011799999512732029,289.6000061035156,-1.399999976158142,0.5,0.0
2015-12-25 14:00:00,0.0,382.70001220703125,175.90000915527344,100880.0,0.012299999594688416,291.20001220703125,-1.100000023841858,0.800000011920929,0.0
2015-12-25 15:00:00,0.0,391.3000183105469,320.20001220703125,100870.0,0.013399999588727951,293.0,-0.800000011920929,1.0,0.0
2015-12-25 16:00:00,0.0,391.3000183105469,398.3000183105469,100910.0,0.013700000010430813,294.0,-0.30000001192092896,1.5,0.0
2015-12-25 17:00:00,0.0,391.20001220703125,425.1000061035156,100780.0,0.014299999922513962,294.3000183105469,0.20000000298023224,2.1000001430511475,0.0
2015-12-25 18:00:00,0.0,405.6000061035156,401.1000061035156,100700.0,0.01489999983459711,294.8999938964844,0.699999988079071,2.6000001430511475,0.0
2015-12-25 19:00:00,0.0,405.6000061035156,356.20001220703125,100690.0,0.014800000004470348,296.20001220703125,1.100000023841858,2.5,0.0
2015-12-25 20:00:00,0.0,405.6000061035156,281.6000061035156,100710.0,0.014999999664723873,296.3999938964844,1.600000023841858,2.4000000953674316,0.0
2015-12-25 21:00:00,0.0,404.20001220703125,123.80000305175781,100660.0,0.015099999494850636,297.0,2.0,2.299999952316284,0.0
2015-12-25 22:00:00,0.0,404.20001220703125,28.399999618530273,100720.0,0.015199999324977398,296.1000061035156,1.3000000715255737,2.0,0.0
2015-12-25 23:00:00,0.0,404.20001220703125,0.0,100800.0,0.015399999916553497,295.1000061035156,0.699999988079071,1.8000000715255737,0.0
2015-12-26 00:00:00,0.0,398.3000183105469,0.0,100870.0,0.014599999412894249,294.1000061035156,0.0,1.5,0.0
2015-12-26 01:00:00,0.0,398.3000183105469,0.0,100890.0,0.013599999248981476,292.8999938964844,-0.4000000059604645,0.9000000357627869,7.488365405375216e-07
2015-12-26 02:00:00,1.5,398.3000183105469,0.0,100970.0,0.013399999588727951,292.1000061035156,-0.9000000357627869,0.20000000298023224,0.0
2015-12-26 03:00:00,0.0,397.8999938964844,0.0,100910.0,0.012899999506771564,291.70001220703125,-1.3000000715255737,-0.5,0.0
2015-12-26 04:00:00,0.0,397.8999938964844,0.0,100900.0,0.01249999925494194,291.3000183105469,-1.2000000476837158,-0.6000000238418579,0.0
2015-12-26 05:00:00,0.0,397.8999938964844,0.0,100910.0,0.011799999512732029,290.3000183105469,-1.0,-0.699999988079071,0.0
2015-12-26 06:00:00,0.0,385.8999938964844,0.0,100880.0,0.012299999594688416,291.0,-0.800000011920929,-0.800000011920929,0.0
2015-12-26 07:00:00,0.0,385.8999938964844,0.0,100940.0,0.011599999852478504,290.5,-1.3000000715255737,-0.6000000238418579,0.0
2015-12-26 08:00:00,0.0,385.8999938964844,0.0,100930.0,0.011599999852478504,290.20001220703125,-1.7000000476837158,-0.5,0.0
2015-12-26 09:00:00,0.0,379.5,0.0,100900.0,0.010799999348819256,289.3999938964844,-2.1000001430511475,-0.30000001192092896,0.0
2015-12-26 10:00:00,0.0,379.5,0.0,100840.0,0.010799999348819256,289.1000061035156,-1.8000000715255737,-0.5,0.0
2015-12-26 11:00:00,0.0,379.5,0.0,100760.0,0.011099999770522118,289.3999938964844,-1.5,-0.699999988079071,0.0
2015-12-26 12:00:00,0.0,364.70001220703125,0.0,100780.0,0.01119999960064888,289.8000183105469,-1.2000000476837158,-0.9000000357627869,0.0
2015-12-26 13:00:00,0.0,364.70001220703125,62.900001525878906,100880.0,0.010999999940395355,289.20001220703125,-1.3000000715255737,-0.800000011920929,0.0
2015-12-26 14:00:00,0.0,364.70001220703125,202.40000915527344,100980.0,0.011699999682605267,290.8000183105469,-1.399999976158142,-0.800000011920929,0.0
2015-12-26 15:00:00,0.0,376.6000061035156,354.8000183105469,101080.0,0.01269999984651804,292.5,-1.5,-0.699999988079071,0.0
2015-12-26 16:00:00,0.0,376.6000061035156,442.0,101100.0,0.012999999336898327,294.0,-1.3000000715255737,0.20000000298023224,0.0
2015-12-26 17:00:00,0.0,376.5,472.0,100970.0,0.013100000098347664,295.0,-1.100000023841858,1.0,0.0
2015-12-26 18:00:00,0.0,386.6000061035156,470.6000061035156,100840.0,0.013399999588727951,296.0,-0.9000000357627869,1.899999976158142,0.0
2015-12-26 19:00:00,0.0,386.6000061035156,418.3999938964844,100840.0,0.013599999248981476,297.3999938964844,-0.800000011920929,1.899999976158142,0.0
2015-12-26 20:00:00,0.0,386.6000061035156,331.20001220703125,100780.0,0.013799999840557575,297.20001220703125,-0.800000011920929,1.8000000715255737,0.0
2015-12-26 21:00:00,0.0,373.20001220703125,153.10000610351562,100780.0,0.013799999840557575,296.70001220703125,-0.699999988079071,1.8000000715255737,0.0
2015-12-26 22:00:00,0.0,373.20001220703125,36.0,100790.0,0.013899999670684338,295.3000183105469,-1.3000000715255737,1.8000000715255737,0.0
2015-12-26 23:00:00,0.0,373.20001220703125,0.0,100820.0,0.013899999670684338,293.8999938964844,-2.0,1.899999976158142,0.0
2015-12-27 00:00:00,0.0,358.3999938964844,0.0,100880.0,0.013700000010430813,293.20001220703125,-2.6000001430511475,2.0,0.0
2015-12-27 01:00:00,0.0,358.3999938964844,0.0,100850.0,0.013499999418854713,293.20001220703125,-2.6000001430511475,1.8000000715255737,0.0
2015-12-27 02:00:00,0.0,358.3999938964844,0.0,100870.0,0.013299999758601189,292.5,-2.6000001430511475,1.600000023841858,0.0
2015-12-27 03:00:00,0.0,351.20001220703125,0.0,100870.0,0.013599999248981476,292.1000061035156,-2.6000001430511475,1.5,0.0
2015-12-27 04:00:00,0.0,351.20001220703125,0.0,100840.0,0.012999999336898327,291.70001220703125,-2.4000000953674316,1.600000023841858,0.0
2015-12-27 05:00:00,0.0,351.20001220703125,0.0,100770.0,0.013399999588727951,292.3000183105469,-2.200000047683716,1.8000000715255737,0.0
2015-12-27 06:00:00,0.0,359.8999938964844,0.0,100740.0,0.013399999588727951,292.20001220703125,-2.0,2.0,0.0
2015-12-27 07:00:00,0.0,359.8999938964844,0.0,100680.0,0.013799999840557575,292.3999938964844,-1.899999976158142,1.8000000715255737,0.0
2015-12-27 08:00:00,0.0,359.8999938964844,0.0,100750.0,0.013700000010430813,292.3000183105469,-1.8000000715255737,1.600000023841858,0.0
2015-12-27 09:00:00,0.0,369.1000061035156,0.0,100630.0,0.013799999840557575,292.8000183105469,-1.600000023841858,1.399999976158142,0.0
2015-12-27 10:00:00,0.0,369.1000061035156,0.0,100650.0,0.013799999840557575,292.5,-1.7000000476837158,1.399999976158142,0.0
2015-12-27 11:00:00,0.0,369.1000061035156,0.0,100620.0,0.013700000010430813,292.70001220703125,-1.8000000715255737,1.399999976158142,0.0
2015-12-27 12:00:00,0.0,366.3999938964844,0.0,100650.0,0.013499999418854713,292.3999938964844,-1.899999976158142,1.399999976158142,0.0
2015-12-27 13:00:00,0.0,366.3999938964844,38.10000228881836,100620.0,0.012799999676644802,292.20001220703125,-1.3000000715255737,1.0,7.441386748887777e-07
2015-12-27 14:00:00,1.5,366.3999938964844,123.9000015258789,100640.0,0.013199999928474426,292.20001220703125,-0.699999988079071,0.5,2.133197629303288e-06
2015-12-27 15:00:00,4.300000190734863,391.1000061035156,208.8000030517578,100620.0,0.013399999588727951,292.20001220703125,-0.10000000149011612,0.0,0.0
2015-12-27 16:00:00,0.0,391.0,260.20001220703125,100590.0,0.013599999248981476,293.1000061035156,0.20000000298023224,0.5,0.0
2015-12-27 17:00:00,0.0,391.0,278.20001220703125,100480.0,0.0142000000923872,293.70001220703125,0.6000000238418579,1.0,0.0
2015-12-27 18:00:00,0.0,394.5,305.3999938964844,100380.0,0.014299999922513962,294.20001220703125,1.0,1.5,0.0
2015-12-27 19:00:00,0.0,394.5,271.8000183105469,100290.0,0.014699999243021011,295.5,1.0,1.600000023841858,0.0
2015-12-27 20:00:00,0.0,394.3999938964844,215.5,100240.0,0.014499999582767487,295.8999938964844,1.100000023841858,1.7000000476837158,0.0
2015-12-27 21:00:00,0.0,388.6000061035156,140.40000915527344,100200.0,0.014599999412894249,295.5,1.100000023841858,1.7000000476837158,0.0
2015-12-27 22:00:00,0.0,388.6000061035156,33.900001525878906,100260.0,0.014599999412894249,294.8999938964844,0.4000000059604645,1.899999976158142,0.0
2015-12-27 23:00:00,0.0,388.6000061035156,0.0,100270.0,0.014999999664723873,294.70001220703125,-0.30000001192092896,2.1000001430511475,0.0
2015-12-28 00:00:00,0.0,373.20001220703125,0.0,100260.0,0.014499999582767487,293.6000061035156,-1.0,2.299999952316284,0.0
2015-12-28 01:00:00,0.0,373.20001220703125,0.0,100310.0,0.013499999418854713,291.8999938964844,-1.2000000476837158,2.299999952316284,0.0
2015-12-28 02:00:00,0.0,373.20001220703125,0.0,100320.0,0.012999999336898327,291.70001220703125,-1.399999976158142,2.200000047683716,0.0
2015-12-28 03:00:00,0.0,338.8999938964844,0.0,100320.0,0.012899999506771564,291.3999938964844,-1.600000023841858,2.200000047683716,0.0
2015-12-28 04:00:00,0.0,338.8999938964844,0.0,100370.0,0.012799999676644802,291.6000061035156,-1.7000000476837158,2.200000047683716,0.0
2015-12-28 05:00:00,0.0,338.8999938964844,0.0,100340.0,0.012799999676644802,291.1000061035156,-1.8000000715255737,2.200000047683716,0.0
2015-12-28 06:00:00,0.0,342.3000183105469,0.0,100290.0,0.013499999418854713,291.8999938964844,-1.899999976158142,2.200000047683716,0.0
2015-12-28 07:00:00,0.0,342.3000183105469,0.0,100300.0,0.013399999588727951,291.8999938964844,-2.1000001430511475,1.7000000476837158,0.0
2015-12-28 08:00:00,0.0,342.3000183105469,0.0,100340.0,0.013299999758601189,291.70001220703125,-2.4000000953674316,1.100000023841858,0.0
2015-12-28 09:00:00,0.0,342.1000061035156,0.0,100280.0,0.013299999758601189,291.70001220703125,-2.700000047683716,0.6000000238418579,0.0
2015-12-28 10:00:00,0.0,342.1000061035156,0.0,100280.0,0.012999999336898327,291.70001220703125,-2.700000047683716,0.5,0.0
2015-12-28 11:00:00,0.0,342.1000061035156,0.0,100250.0,0.012899999506771564,291.5,-2.700000047683716,0.5,0.0
2015-12-28 12:00:00,0.0,349.5,0.0,100320.0,0.012799999676644802,291.20001220703125,-2.700000047683716,0.5,0.0
2015-12-28 13:00:00,0.0,349.5,51.5,100330.0,0.012899999506771564,291.70001220703125,-2.700000047683716,0.10000000149011612,0.0
2015-12-28 14:00:00,0.0,349.5,169.0,100350.0,0.012899999506771564,291.6000061035156,-2.700000047683716,-0.20000000298023224,0.0
2015-12-28 15:00:00,0.0,388.6000061035156,240.6999969482422,100330.0,0.013299999758601189,292.20001220703125,-2.700000047683716,-0.5,0.0
2015-12-28 16:00:00,0.0,388.6000061035156,300.3999938964844,100370.0,0.0142000000923872,293.0,-3.4000000953674316,0.0,0.0
2015-12-28 17:00:00,0.0,388.5,321.3999938964844,100250.0,0.014599999412894249,293.70001220703125,-4.099999904632568,0.5,0.0
2015-12-28 18:00:00,0.0,413.5,234.5,100190.0,0.014699999243021011,294.6000061035156,-4.800000190734863,1.0,0.0
2015-12-28 19:00:00,0.0,413.5,208.90000915527344,100100.0,0.014599999412894249,296.1000061035156,-5.200000286102295,1.100000023841858,0.0
2015-12-28 20:00:00,0.0,413.5,165.8000030517578,99980.0,0.013799999840557575,296.6000061035156,-5.599999904632568,1.3000000715255737,0.0
2015-12-28 21:00:00,0.0,390.0,130.5,99910.0,0.013700000010430813,295.8999938964844,-6.0,1.399999976158142,0.0
2015-12-28 22:00:00,0.0,390.0,32.400001525878906,99950.0,0.0139999995008111,295.1000061035156,-6.400000095367432,1.8000000715255737,0.0
2015-12-28 23:00:00,0.0,390.1000061035156,0.0,99940.0,0.014999999664723873,294.6000061035156,-6.900000095367432,2.200000047683716,0.0
2015-12-29 00:00:00,0.0,380.1000061035156,0.0,99970.0,0.01489999983459711,294.6000061035156,-7.400000095367432,2.6000001430511475,0.0
2015-12-29 01:00:00,0.0,380.1000061035156,0.0,99980.0,0.01549999974668026,295.1000061035156,-6.300000190734863,2.6000001430511475,0.0
2015-12-29 02:00:00,0.0,380.1000061035156,0.0,99940.0,0.015799999237060547,295.3999938964844,-5.300000190734863,2.6000001430511475,0.0
2015-12-29 03:00:00,0.0,388.70001220703125,0.0,99940.0,0.01529999915510416,295.1000061035156,-4.300000190734863,2.6000001430511475,2.0379742621031308e-07
2015-12-29 04:00:00,0.4000000059604645,388.70001220703125,0.0,99940.0,0.015399999916553497,295.0,-3.299999952316284,3.200000047683716,5.090121965577734e-08
2015-12-29 05:00:00,0.10000000149011612,388.70001220703125,0.0,99950.0,0.014999999664723873,294.70001220703125,-2.299999952316284,3.9000000953674316,1.1166688889383383e-06
2015-12-29 06:00:00,2.200000047683716,398.3999938964844,0.0,99910.0,0.014800000004470348,294.20001220703125,-1.3000000715255737,4.5,1.1619883724544963e-06
2015-12-29 07:00:00,2.299999952316284,398.3999938964844,0.0,99880.0,0.014999999664723873,294.8000183105469,-0.20000000298023224,4.900000095367432,2.591074675310334e-06
2015-12-29 08:00:00,5.099999904632568,398.3999938964844,0.0,99870.0,0.014499999582767487,294.3999938964844,0.800000011920929,5.300000190734863,2.9863077501229664e-06
2015-12-29 09:00:00,5.900000095367432,387.5,0.0,99900.0,0.014299999922513962,293.5,1.8000000715255737,5.700000286102295,7.529397965630518e-07
2015-12-29 10:00:00,1.5,387.5,0.0,99920.0,0.0139999995008111,293.20001220703125,2.4000000953674316,5.0,5.506448621350923e-07
2015-12-29 11:00:00,1.100000023841858,387.5,0.0,99960.0,0.014399999752640724,293.3000183105469,3.1000001430511475,4.400000095367432,0.0
2015-12-29 12:00:00,0.0,381.5,0.0,99990.0,0.0139999995008111,293.3000183105469,3.700000047683716,3.799999952316284,0.0
2015-12-29 13:00:00,0.0,381.5,35.5,100080.0,0.0139999995008111,293.1000061035156,3.5,3.6000001430511475,0.0
2015-12-29 14:00:00,0.0,381.5,117.5999984741211,100180.0,0.0142000000923872,293.3000183105469,3.4000000953674316,3.5,0.0
2015-12-29 15:00:00,0.0,373.70001220703125,246.90000915527344,100210.0,0.014800000004470348,294.8000183105469,3.200000047683716,3.4000000953674316,0.0
2015-12-29 16:00:00,0.0,373.70001220703125,308.3999938964844,100230.0,0.014099999330937862,294.5,3.4000000953674316,3.5,0.0
2015-12-29 17:00:00,0.0,373.70001220703125,330.20001220703125,100220.0,0.013700000010430813,294.3999938964844,3.6000001430511475,3.6000001430511475,0.0
2015-12-29 18:00:00,0.0,375.20001220703125,375.70001220703125,100160.0,0.013299999758601189,294.8000183105469,3.700000047683716,3.700000047683716,0.0
2015-12-29 19:00:00,0.0,375.20001220703125,335.1000061035156,100100.0,0.013599999248981476,296.8999938964844,3.299999952316284,3.4000000953674316,0.0
2015-12-29 20:00:00,0.0,375.20001220703125,266.5,100140.0,0.013599999248981476,296.8999938964844,2.9000000953674316,3.1000001430511475,0.0
2015-12-29 21:00:00,0.0,365.6000061035156,145.5,100170.0,0.013399999588727951,296.3999938964844,2.5,2.799999952316284,0.0
2015-12-29 22:00:00,0.0,365.6000061035156,37.0,100250.0,0.01249999925494194,295.3000183105469,2.200000047683716,2.4000000953674316,0.0
2015-12-29 23:00:00,0.0,365.6000061035156,0.0,100310.0,0.013299999758601189,293.70001220703125,1.899999976158142,2.0,0.0
2015-12-30 00:00:00,0.0,337.70001220703125,0.0,100400.0,0.013299999758601189,292.70001220703125,1.600000023841858,1.600000023841858,0.0
2015-12-30 01:00:00,0.0,337.70001220703125,0.0,100430.0,0.013199999928474426,292.6000061035156,1.2000000476837158,1.5,0.0
2015-12-30 02:00:00,0.0,337.70001220703125,0.0,100530.0,0.012899999506771564,291.70001220703125,0.800000011920929,1.399999976158142,0.0
2015-12-30 03:00:00,0.0,336.8999938964844,0.0,100520.0,0.01269999984651804,291.20001220703125,0.4000000059604645,1.2000000476837158,0.0
2015-12-30 04:00:00,0.0,336.8999938964844,0.0,100570.0,0.012399999424815178,290.8999938964844,0.20000000298023224,1.3000000715255737,0.0
2015-12-30 05:00:00,0.0,336.8999938964844,0.0,100590.0,0.011599999852478504,289.8999938964844,0.0,1.3000000715255737,0.0
2015-12-30 06:00:00,0.0,353.0,0.0,100620.0,0.012000000104308128,290.1000061035156,-0.20000000298023224,1.3000000715255737,0.0
2015-12-30 07:00:00,0.0,353.0,0.0,100610.0,0.011899999342858791,290.5,-0.6000000238418579,0.800000011920929,0.0
2015-12-30 08:00:00,0.0,353.0,0.0,100590.0,0.012000000104308128,290.3999938964844,-1.0,0.20000000298023224,0.0
2015-12-30 09:00:00,0.0,392.3999938964844,0.0,100630.0,0.011899999342858791,290.3999938964844,-1.399999976158142,-0.4000000059604645,3.418243187032877e-07
2015-12-30 10:00:00,0.699999988079071,392.3999938964844,0.0,100590.0,0.012399999424815178,290.6000061035156,-1.3000000715255737,-0.20000000298023224,6.848304672955347e-07
2015-12-30 11:00:00,1.399999976158142,392.3999938964844,0.0,100560.0,0.01249999925494194,291.1000061035156,-1.3000000715255737,0.0,0.0
2015-12-30 12:00:00,0.0,396.8000183105469,0.0,100510.0,0.01269999984651804,291.3000183105469,-1.3000000715255737,0.20000000298023224,0.0
2015-12-30 13:00:00,0.0,396.8000183105469,24.600000381469727,100620.0,0.012600000016391277,291.70001220703125,-0.699999988079071,0.20000000298023224,0.0
2015-12-30 14:00:00,0.0,396.8000183105469,82.0999984741211,100630.0,0.013399999588727951,292.5,-0.20000000298023224,0.10000000149011612,4.9742695856783285e-08
2015-12-30 15:00:00,0.10000000149011612,400.3000183105469,134.60000610351562,100600.0,0.014099999330937862,293.5,0.30000001192092896,0.0,4.2164631479768285e-06
2015-12-30 16:00:00,8.40000057220459,400.3000183105469,168.3000030517578,100640.0,0.0139999995008111,292.3999938964844,0.5,0.6000000238418579,1.7294931218208543e-05
2015-12-30 17:00:00,34.79999923706055,400.3000183105469,180.3000030517578,100590.0,0.012999999336898327,291.5,0.699999988079071,1.3000000715255737,3.599065574767947e-06
2015-12-30 18:00:00,7.300000190734863,402.20001220703125,183.3000030517578,100610.0,0.012600000016391277,290.8999938964844,0.800000011920929,2.0,2.305066719490677e-06
2015-12-30 19:00:00,4.700000286102295,402.20001220703125,163.60000610351562,100560.0,0.01249999925494194,291.0,0.800000011920929,1.899999976158142,1.816208554815238e-06
2015-12-30 20:00:00,3.700000047683716,402.20001220703125,130.3000030517578,100490.0,0.012799999676644802,291.0,0.800000011920929,1.8000000715255737,2.061642257172614e-06
2015-12-30 21:00:00,4.200000286102295,399.20001220703125,80.4000015258789,100470.0,0.012600000016391277,291.1000061035156,0.800000011920929,1.7000000476837158,4.07775568914086e-06
2015-12-30 22:00:00,8.300000190734863,399.20001220703125,21.0,100450.0,0.012600000016391277,290.8999938964844,1.0,1.399999976158142,1.6184509790133084e-06
2015-12-30 23:00:00,3.299999952316284,399.20001220703125,0.0,100520.0,0.01269999984651804,291.1000061035156,1.2000000476837158,1.2000000476837158,6.878141851067213e-07
